Unidades de saúde;Data;Quantidade de leitos UTI Neonatal;Disponíveis/Vagos UTI Neonatal;Ocupados UTI Neonatal;Bloqueados UTI Neonatal;Ocupação(%) de leitos UTI Neonatal
CATALÃO/SÃO NICOLAU;12/01/2022;2;2;0;0;0,0
CATALÃO/SÃO NICOLAU;13/01/2022;2;2;0;0;0,0
CATALÃO/SÃO NICOLAU;14/01/2022;2;2;0;0;0,0
CATALÃO/SÃO NICOLAU;15/01/2022;3;2;1;0;33,33
CATALÃO/SÃO NICOLAU;16/01/2022;3;2;1;0;33,33
CATALÃO/SÃO NICOLAU;17/01/2022;3;2;1;0;33,33
CATALÃO/SÃO NICOLAU;18/01/2022;3;2;1;0;33,33
CATALÃO/SÃO NICOLAU;19/01/2022;3;2;1;0;33,33
CATALÃO/SÃO NICOLAU;20/01/2022;3;2;1;0;33,33
CATALÃO/SÃO NICOLAU;21/01/2022;3;2;1;0;33,33
CATALÃO/SÃO NICOLAU;22/01/2022;3;2;1;0;33,33
CATALÃO/SÃO NICOLAU;23/01/2022;3;2;1;0;33,33
CATALÃO/SÃO NICOLAU;24/01/2022;3;2;1;0;33,33
CATALÃO/SÃO NICOLAU;25/01/2022;3;2;1;0;33,33
CATALÃO/SÃO NICOLAU;26/01/2022;3;1;2;0;66,67
CATALÃO/SÃO NICOLAU;27/01/2022;3;1;2;0;66,67
CATALÃO/SÃO NICOLAU;28/01/2022;3;1;2;0;66,67
CATALÃO/SÃO NICOLAU;29/01/2022;3;1;2;0;66,67
CATALÃO/SÃO NICOLAU;30/01/2022;3;1;2;0;66,67
CATALÃO/SÃO NICOLAU;31/01/2022;3;1;2;0;66,67
CATALÃO/SÃO NICOLAU;01/02/2022;3;1;2;0;66,67
CATALÃO/SÃO NICOLAU;02/02/2022;3;1;2;0;66,67
CATALÃO/SÃO NICOLAU;03/02/2022;3;0;3;0;100,0
CATALÃO/SÃO NICOLAU;04/02/2022;3;0;3;0;100,0
CATALÃO/SÃO NICOLAU;05/02/2022;3;1;2;0;66,67
CATALÃO/SÃO NICOLAU;06/02/2022;3;2;1;0;33,33
CATALÃO/SÃO NICOLAU;07/02/2022;3;2;1;0;33,33
CATALÃO/SÃO NICOLAU;08/02/2022;3;0;3;0;100,0
CATALÃO/SÃO NICOLAU;09/02/2022;3;2;1;0;33,33
CATALÃO/SÃO NICOLAU;10/02/2022;3;1;2;0;66,67
CATALÃO/SÃO NICOLAU;11/02/2022;3;1;2;0;66,67
CATALÃO/SÃO NICOLAU;12/02/2022;3;1;2;0;66,67
CATALÃO/SÃO NICOLAU;13/02/2022;3;0;3;0;100,0
CATALÃO/SÃO NICOLAU;14/02/2022;3;0;3;0;100,0
CATALÃO/SÃO NICOLAU;15/02/2022;3;0;3;0;100,0
CATALÃO/SÃO NICOLAU;16/02/2022;3;2;1;0;33,33
CATALÃO/SÃO NICOLAU;17/02/2022;3;2;1;0;33,33
CATALÃO/SÃO NICOLAU;18/02/2022;3;1;2;0;66,67
CATALÃO/SÃO NICOLAU;19/02/2022;3;0;3;0;100,0
CATALÃO/SÃO NICOLAU;20/02/2022;3;0;3;0;100,0
CATALÃO/SÃO NICOLAU;21/02/2022;3;0;3;0;100,0
CATALÃO/SÃO NICOLAU;22/02/2022;3;0;3;0;100,0
CATALÃO/SÃO NICOLAU;23/02/2022;3;0;3;0;100,0
CATALÃO/SÃO NICOLAU;24/02/2022;3;2;1;0;33,33
CATALÃO/SÃO NICOLAU;25/02/2022;3;1;2;0;66,67
CATALÃO/SÃO NICOLAU;26/02/2022;3;0;3;0;100,0
CATALÃO/SÃO NICOLAU;27/02/2022;3;0;3;0;100,0
CATALÃO/SÃO NICOLAU;28/02/2022;3;0;3;0;100,0
CATALÃO/SÃO NICOLAU;01/03/2022;3;0;3;0;100,0
CATALÃO/SÃO NICOLAU;02/03/2022;5;2;3;0;60,0
CATALÃO/SÃO NICOLAU;03/03/2022;5;2;3;0;60,0
CATALÃO/SÃO NICOLAU;04/03/2022;5;3;2;0;40,0
CATALÃO/SÃO NICOLAU;05/03/2022;5;2;3;0;60,0
CATALÃO/SÃO NICOLAU;06/03/2022;5;2;3;0;60,0
CATALÃO/SÃO NICOLAU;07/03/2022;5;3;2;0;40,0
CATALÃO/SÃO NICOLAU;08/03/2022;5;3;2;0;40,0
CATALÃO/SÃO NICOLAU;09/03/2022;5;2;3;0;60,0
CATALÃO/SÃO NICOLAU;10/03/2022;5;2;3;0;60,0
CATALÃO/SÃO NICOLAU;11/03/2022;5;2;3;0;60,0
CATALÃO/SÃO NICOLAU;12/03/2022;5;1;4;0;80,0
CATALÃO/SÃO NICOLAU;13/03/2022;5;2;3;0;60,0
CATALÃO/SÃO NICOLAU;14/03/2022;5;1;4;0;80,0
CATALÃO/SÃO NICOLAU;15/03/2022;5;1;4;0;80,0
CATALÃO/SÃO NICOLAU;16/03/2022;5;2;3;0;60,0
CATALÃO/SÃO NICOLAU;17/03/2022;5;2;3;0;60,0
CATALÃO/SÃO NICOLAU;18/03/2022;5;1;4;0;80,0
CATALÃO/SÃO NICOLAU;19/03/2022;5;0;5;0;100,0
CATALÃO/SÃO NICOLAU;20/03/2022;5;0;5;0;100,0
CATALÃO/SÃO NICOLAU;21/03/2022;5;0;5;0;100,0
CATALÃO/SÃO NICOLAU;22/03/2022;5;0;5;0;100,0
CATALÃO/SÃO NICOLAU;23/03/2022;5;0;5;0;100,0
CATALÃO/SÃO NICOLAU;24/03/2022;5;1;4;0;80,0
CATALÃO/SÃO NICOLAU;25/03/2022;5;1;4;0;80,0
CATALÃO/SÃO NICOLAU;26/03/2022;5;1;4;0;80,0
CATALÃO/SÃO NICOLAU;27/03/2022;5;1;4;0;80,0
CATALÃO/SÃO NICOLAU;28/03/2022;5;1;4;0;80,0
CATALÃO/SÃO NICOLAU;29/03/2022;5;1;4;0;80,0
CATALÃO/SÃO NICOLAU;30/03/2022;5;3;2;0;40,0
CATALÃO/SÃO NICOLAU;31/03/2022;5;3;2;0;40,0
CATALÃO/SÃO NICOLAU;01/04/2022;5;1;4;0;80,0
CATALÃO/SÃO NICOLAU;02/04/2022;5;0;5;0;100,0
CATALÃO/SÃO NICOLAU;03/04/2022;5;0;5;0;100,0
CATALÃO/SÃO NICOLAU;04/04/2022;5;0;5;0;100,0
CATALÃO/SÃO NICOLAU;05/04/2022;5;1;4;0;80,0
CATALÃO/SÃO NICOLAU;06/04/2022;5;0;5;0;100,0
CATALÃO/SÃO NICOLAU;07/04/2022;5;2;3;0;60,0
CATALÃO/SÃO NICOLAU;08/04/2022;5;2;3;0;60,0
CATALÃO/SÃO NICOLAU;09/04/2022;5;1;4;0;80,0
CATALÃO/SÃO NICOLAU;10/04/2022;5;1;4;0;80,0
CATALÃO/SÃO NICOLAU;11/04/2022;5;1;4;0;80,0
CATALÃO/SÃO NICOLAU;12/04/2022;5;1;4;0;80,0
CATALÃO/SÃO NICOLAU;13/04/2022;5;1;3;1;80,0
CATALÃO/SÃO NICOLAU;14/04/2022;5;1;4;0;80,0
CATALÃO/SÃO NICOLAU;15/04/2022;5;1;4;0;80,0
CATALÃO/SÃO NICOLAU;16/04/2022;5;1;4;0;80,0
CATALÃO/SÃO NICOLAU;17/04/2022;5;1;4;0;80,0
CATALÃO/SÃO NICOLAU;18/04/2022;5;1;4;0;80,0
CATALÃO/SÃO NICOLAU;19/04/2022;5;2;3;0;60,0
CATALÃO/SÃO NICOLAU;20/04/2022;5;2;3;0;60,0
CATALÃO/SÃO NICOLAU;21/04/2022;5;3;2;0;40,0
CATALÃO/SÃO NICOLAU;22/04/2022;5;3;2;0;40,0
CATALÃO/SÃO NICOLAU;23/04/2022;5;1;4;0;80,0
CATALÃO/SÃO NICOLAU;24/04/2022;5;1;4;0;80,0
CATALÃO/SÃO NICOLAU;25/04/2022;5;1;4;0;80,0
CATALÃO/SÃO NICOLAU;26/04/2022;5;0;5;0;100,0
CATALÃO/SÃO NICOLAU;27/04/2022;5;1;4;0;80,0
CATALÃO/SÃO NICOLAU;28/04/2022;5;0;5;0;100,0
CATALÃO/SÃO NICOLAU;29/04/2022;5;0;5;0;100,0
CATALÃO/SÃO NICOLAU;30/04/2022;5;1;4;0;80,0
CATALÃO/SÃO NICOLAU;01/05/2022;5;1;4;0;80,0
CATALÃO/SÃO NICOLAU;02/05/2022;5;0;5;0;100,0
CATALÃO/SÃO NICOLAU;03/05/2022;5;1;4;0;80,0
CATALÃO/SÃO NICOLAU;04/05/2022;5;2;3;0;60,0
CATALÃO/SÃO NICOLAU;05/05/2022;5;1;4;0;80,0
CATALÃO/SÃO NICOLAU;06/05/2022;5;2;3;0;60,0
CATALÃO/SÃO NICOLAU;07/05/2022;5;3;2;0;40,0
CATALÃO/SÃO NICOLAU;08/05/2022;5;3;2;0;40,0
CATALÃO/SÃO NICOLAU;09/05/2022;5;3;2;0;40,0
CATALÃO/SÃO NICOLAU;10/05/2022;5;2;3;0;60,0
CATALÃO/SÃO NICOLAU;11/05/2022;5;2;3;0;60,0
CATALÃO/SÃO NICOLAU;12/05/2022;5;3;2;0;40,0
CATALÃO/SÃO NICOLAU;13/05/2022;5;3;2;0;40,0
CATALÃO/SÃO NICOLAU;14/05/2022;5;3;2;0;40,0
CATALÃO/SÃO NICOLAU;15/05/2022;5;3;2;0;40,0
CATALÃO/SÃO NICOLAU;16/05/2022;5;5;0;0;0,0
CATALÃO/SÃO NICOLAU;17/05/2022;5;5;0;0;0,0
CATALÃO/SÃO NICOLAU;18/05/2022;5;4;1;0;20,0
CATALÃO/SÃO NICOLAU;19/05/2022;5;4;1;0;20,0
CATALÃO/SÃO NICOLAU;20/05/2022;5;3;2;0;40,0
CATALÃO/SÃO NICOLAU;21/05/2022;5;3;2;0;40,0
CATALÃO/SÃO NICOLAU;22/05/2022;5;2;3;0;60,0
CATALÃO/SÃO NICOLAU;23/05/2022;5;2;3;0;60,0
CATALÃO/SÃO NICOLAU;24/05/2022;5;2;3;0;60,0
CATALÃO/SÃO NICOLAU;25/05/2022;5;2;3;0;60,0
CATALÃO/SÃO NICOLAU;26/05/2022;5;2;3;0;60,0
CATALÃO/SÃO NICOLAU;27/05/2022;5;2;3;0;60,0
CATALÃO/SÃO NICOLAU;28/05/2022;5;1;4;0;80,0
CATALÃO/SÃO NICOLAU;29/05/2022;5;1;4;0;80,0
CATALÃO/SÃO NICOLAU;30/05/2022;5;1;4;0;80,0
CATALÃO/SÃO NICOLAU;31/05/2022;5;1;4;0;80,0
CATALÃO/SÃO NICOLAU;01/06/2022;5;1;4;0;80,0
CATALÃO/SÃO NICOLAU;02/06/2022;5;1;4;0;80,0
CATALÃO/SÃO NICOLAU;03/06/2022;5;1;4;0;80,0
CATALÃO/SÃO NICOLAU;04/06/2022;5;2;3;0;60,0
CATALÃO/SÃO NICOLAU;05/06/2022;5;2;3;0;60,0
CATALÃO/SÃO NICOLAU;06/06/2022;5;2;3;0;60,0
CATALÃO/SÃO NICOLAU;07/06/2022;5;2;3;0;60,0
CATALÃO/SÃO NICOLAU;08/06/2022;5;3;2;0;40,0
CATALÃO/SÃO NICOLAU;09/06/2022;5;3;2;0;40,0
CATALÃO/SÃO NICOLAU;10/06/2022;5;3;2;0;40,0
CATALÃO/SÃO NICOLAU;11/06/2022;5;2;3;0;60,0
CATALÃO/SÃO NICOLAU;12/06/2022;5;2;3;0;60,0
CATALÃO/SÃO NICOLAU;13/06/2022;5;1;4;0;80,0
CATALÃO/SÃO NICOLAU;14/06/2022;5;2;3;0;60,0
CATALÃO/SÃO NICOLAU;15/06/2022;5;2;3;0;60,0
CATALÃO/SÃO NICOLAU;16/06/2022;5;1;4;0;80,0
CATALÃO/SÃO NICOLAU;17/06/2022;5;0;5;0;100,0
CATALÃO/SÃO NICOLAU;18/06/2022;5;0;5;0;100,0
CATALÃO/SÃO NICOLAU;19/06/2022;5;0;5;0;100,0
CATALÃO/SÃO NICOLAU;20/06/2022;5;0;5;0;100,0
CATALÃO/SÃO NICOLAU;21/06/2022;5;1;4;0;80,0
CATALÃO/SÃO NICOLAU;22/06/2022;5;1;4;0;80,0
CATALÃO/SÃO NICOLAU;23/06/2022;5;1;4;0;80,0
CATALÃO/SÃO NICOLAU;24/06/2022;5;1;4;0;80,0
CATALÃO/SÃO NICOLAU;25/06/2022;5;1;4;0;80,0
CATALÃO/SÃO NICOLAU;26/06/2022;5;1;4;0;80,0
CATALÃO/SÃO NICOLAU;27/06/2022;5;1;4;0;80,0
CATALÃO/SÃO NICOLAU;28/06/2022;5;1;4;0;80,0
CATALÃO/SÃO NICOLAU;29/06/2022;5;1;4;0;80,0
CATALÃO/SÃO NICOLAU;30/06/2022;5;1;4;0;80,0
CATALÃO/SÃO NICOLAU;01/07/2022;5;1;4;0;80,0
CATALÃO/SÃO NICOLAU;02/07/2022;5;1;4;0;80,0
CATALÃO/SÃO NICOLAU;03/07/2022;5;1;4;0;80,0
CATALÃO/SÃO NICOLAU;04/07/2022;5;1;4;0;80,0
CATALÃO/SÃO NICOLAU;05/07/2022;5;1;4;0;80,0
CATALÃO/SÃO NICOLAU;06/07/2022;5;1;4;0;80,0
CATALÃO/SÃO NICOLAU;07/07/2022;5;1;4;0;80,0
CATALÃO/SÃO NICOLAU;08/07/2022;5;1;4;0;80,0
CATALÃO/SÃO NICOLAU;09/07/2022;5;2;3;0;60,0
CATALÃO/SÃO NICOLAU;10/07/2022;5;2;3;0;60,0
CATALÃO/SÃO NICOLAU;11/07/2022;5;2;3;0;60,0
CATALÃO/SÃO NICOLAU;12/07/2022;5;1;4;0;80,0
CATALÃO/SÃO NICOLAU;13/07/2022;5;2;3;0;60,0
CATALÃO/SÃO NICOLAU;14/07/2022;5;1;4;0;80,0
CATALÃO/SÃO NICOLAU;15/07/2022;5;2;3;0;60,0
CATALÃO/SÃO NICOLAU;16/07/2022;5;2;3;0;60,0
CATALÃO/SÃO NICOLAU;17/07/2022;5;2;3;0;60,0
CATALÃO/SÃO NICOLAU;18/07/2022;5;3;2;0;40,0
CATALÃO/SÃO NICOLAU;19/07/2022;5;2;3;0;60,0
CATALÃO/SÃO NICOLAU;20/07/2022;5;2;3;0;60,0
CATALÃO/SÃO NICOLAU;21/07/2022;5;2;3;0;60,0
CATALÃO/SÃO NICOLAU;22/07/2022;5;1;4;0;80,0
CATALÃO/SÃO NICOLAU;23/07/2022;5;2;3;0;60,0
CATALÃO/SÃO NICOLAU;24/07/2022;5;2;3;0;60,0
CATALÃO/SÃO NICOLAU;25/07/2022;5;2;3;0;60,0
CATALÃO/SÃO NICOLAU;26/07/2022;5;2;3;0;60,0
CATALÃO/SÃO NICOLAU;27/07/2022;5;3;2;0;40,0
CATALÃO/SÃO NICOLAU;28/07/2022;5;5;0;0;0,0
CATALÃO/SÃO NICOLAU;29/07/2022;5;4;1;0;20,0
CATALÃO/SÃO NICOLAU;30/07/2022;5;5;0;0;0,0
CATALÃO/SÃO NICOLAU;31/07/2022;5;5;0;0;0,0
CATALÃO/SÃO NICOLAU;01/08/2022;5;4;1;0;20,0
CATALÃO/SÃO NICOLAU;02/08/2022;5;3;2;0;40,0
CATALÃO/SÃO NICOLAU;03/08/2022;5;1;4;0;80,0
CATALÃO/SÃO NICOLAU;04/08/2022;5;1;4;0;80,0
CATALÃO/SÃO NICOLAU;05/08/2022;5;1;4;0;80,0
CATALÃO/SÃO NICOLAU;06/08/2022;5;0;5;0;100,0
CATALÃO/SÃO NICOLAU;07/08/2022;5;0;5;0;100,0
CATALÃO/SÃO NICOLAU;08/08/2022;5;0;5;0;100,0
CATALÃO/SÃO NICOLAU;09/08/2022;5;0;5;0;100,0
CATALÃO/SÃO NICOLAU;10/08/2022;5;0;5;0;100,0
CATALÃO/SÃO NICOLAU;11/08/2022;5;2;3;0;60,0
CATALÃO/SÃO NICOLAU;12/08/2022;5;1;4;0;80,0
CATALÃO/SÃO NICOLAU;13/08/2022;5;2;3;0;60,0
CATALÃO/SÃO NICOLAU;14/08/2022;5;4;1;0;20,0
CATALÃO/SÃO NICOLAU;15/08/2022;5;4;1;0;20,0
CATALÃO/SÃO NICOLAU;16/08/2022;5;5;0;0;0,0
CATALÃO/SÃO NICOLAU;17/08/2022;5;5;0;0;0,0
CATALÃO/SÃO NICOLAU;18/08/2022;5;4;1;0;20,0
CATALÃO/SÃO NICOLAU;19/08/2022;5;4;1;0;20,0
CATALÃO/SÃO NICOLAU;20/08/2022;5;4;1;0;20,0
CATALÃO/SÃO NICOLAU;21/08/2022;5;3;2;0;40,0
CATALÃO/SÃO NICOLAU;22/08/2022;5;3;2;0;40,0
CATALÃO/SÃO NICOLAU;23/08/2022;5;2;3;0;60,0
CATALÃO/SÃO NICOLAU;24/08/2022;5;2;3;0;60,0
CATALÃO/SÃO NICOLAU;25/08/2022;5;3;2;0;40,0
CATALÃO/SÃO NICOLAU;26/08/2022;5;3;2;0;40,0
CATALÃO/SÃO NICOLAU;27/08/2022;5;3;2;0;40,0
CATALÃO/SÃO NICOLAU;28/08/2022;5;3;2;0;40,0
CATALÃO/SÃO NICOLAU;29/08/2022;5;3;2;0;40,0
CATALÃO/SÃO NICOLAU;30/08/2022;5;3;2;0;40,0
CATALÃO/SÃO NICOLAU;31/08/2022;5;4;1;0;20,0
CATALÃO/SÃO NICOLAU;01/09/2022;5;4;1;0;20,0
CATALÃO/SÃO NICOLAU;02/09/2022;5;4;1;0;20,0
CATALÃO/SÃO NICOLAU;03/09/2022;5;4;1;0;20,0
CATALÃO/SÃO NICOLAU;04/09/2022;5;1;4;0;80,0
CATALÃO/SÃO NICOLAU;05/09/2022;5;1;4;0;80,0
CATALÃO/SÃO NICOLAU;06/09/2022;5;1;4;0;80,0
CATALÃO/SÃO NICOLAU;07/09/2022;5;1;4;0;80,0
CATALÃO/SÃO NICOLAU;08/09/2022;5;1;4;0;80,0
CATALÃO/SÃO NICOLAU;09/09/2022;5;0;5;0;100,0
CATALÃO/SÃO NICOLAU;10/09/2022;5;0;5;0;100,0
CATALÃO/SÃO NICOLAU;11/09/2022;5;0;5;0;100,0
CATALÃO/SÃO NICOLAU;12/09/2022;5;2;3;0;60,0
CATALÃO/SÃO NICOLAU;13/09/2022;5;2;3;0;60,0
CATALÃO/SÃO NICOLAU;14/09/2022;5;2;3;0;60,0
CATALÃO/SÃO NICOLAU;15/09/2022;5;2;3;0;60,0
CATALÃO/SÃO NICOLAU;16/09/2022;5;1;4;0;80,0
CATALÃO/SÃO NICOLAU;17/09/2022;5;1;4;0;80,0
CATALÃO/SÃO NICOLAU;18/09/2022;5;0;5;0;100,0
CATALÃO/SÃO NICOLAU;19/09/2022;5;0;5;0;100,0
CATALÃO/SÃO NICOLAU;20/09/2022;5;0;5;0;100,0
CATALÃO/SÃO NICOLAU;21/09/2022;5;0;5;0;100,0
CATALÃO/SÃO NICOLAU;22/09/2022;5;0;5;0;100,0
CATALÃO/SÃO NICOLAU;23/09/2022;5;0;5;0;100,0
CATALÃO/SÃO NICOLAU;24/09/2022;5;0;5;0;100,0
CATALÃO/SÃO NICOLAU;25/09/2022;5;0;5;0;100,0
CATALÃO/SÃO NICOLAU;26/09/2022;5;0;5;0;100,0
CATALÃO/SÃO NICOLAU;27/09/2022;5;0;5;0;100,0
CATALÃO/SÃO NICOLAU;28/09/2022;5;0;5;0;100,0
CATALÃO/SÃO NICOLAU;29/09/2022;5;0;5;0;100,0
CATALÃO/SÃO NICOLAU;30/09/2022;5;2;3;0;60,0
CATALÃO/SÃO NICOLAU;01/10/2022;5;2;3;0;60,0
CATALÃO/SÃO NICOLAU;02/10/2022;5;2;3;0;60,0
CATALÃO/SÃO NICOLAU;03/10/2022;5;2;3;0;60,0
CATALÃO/SÃO NICOLAU;04/10/2022;5;1;4;0;80,0
CATALÃO/SÃO NICOLAU;05/10/2022;5;1;4;0;80,0
CATALÃO/SÃO NICOLAU;06/10/2022;5;0;5;0;100,0
CATALÃO/SÃO NICOLAU;07/10/2022;5;0;5;0;100,0
CATALÃO/SÃO NICOLAU;08/10/2022;5;0;5;0;100,0
CATALÃO/SÃO NICOLAU;09/10/2022;5;0;5;0;100,0
CATALÃO/SÃO NICOLAU;10/10/2022;5;0;5;0;100,0
CATALÃO/SÃO NICOLAU;11/10/2022;5;0;5;0;100,0
CATALÃO/SÃO NICOLAU;12/10/2022;5;1;4;0;80,0
CATALÃO/SÃO NICOLAU;13/10/2022;5;1;4;0;80,0
CATALÃO/SÃO NICOLAU;14/10/2022;5;1;4;0;80,0
CATALÃO/SÃO NICOLAU;15/10/2022;5;1;4;0;80,0
CATALÃO/SÃO NICOLAU;16/10/2022;5;0;5;0;100,0
CATALÃO/SÃO NICOLAU;17/10/2022;5;0;5;0;100,0
CATALÃO/SÃO NICOLAU;18/10/2022;5;0;5;0;100,0
CATALÃO/SÃO NICOLAU;19/10/2022;5;0;5;0;100,0
CATALÃO/SÃO NICOLAU;20/10/2022;5;0;5;0;100,0
CATALÃO/SÃO NICOLAU;21/10/2022;5;0;5;0;100,0
CATALÃO/SÃO NICOLAU;22/10/2022;5;0;5;0;100,0
CATALÃO/SÃO NICOLAU;23/10/2022;5;0;5;0;100,0
CATALÃO/SÃO NICOLAU;24/10/2022;5;0;5;0;100,0
CATALÃO/SÃO NICOLAU;25/10/2022;5;0;5;0;100,0
CATALÃO/SÃO NICOLAU;26/10/2022;5;0;5;0;100,0
CATALÃO/SÃO NICOLAU;27/10/2022;5;1;4;0;80,0
CATALÃO/SÃO NICOLAU;28/10/2022;5;1;4;0;80,0
CATALÃO/SÃO NICOLAU;29/10/2022;5;0;5;0;100,0
CATALÃO/SÃO NICOLAU;30/10/2022;5;1;4;0;80,0
CATALÃO/SÃO NICOLAU;31/10/2022;5;0;5;0;100,0
CATALÃO/SÃO NICOLAU;01/11/2022;5;0;5;0;100,0
CATALÃO/SÃO NICOLAU;02/11/2022;5;1;4;0;80,0
CATALÃO/SÃO NICOLAU;03/11/2022;5;0;5;0;100,0
CATALÃO/SÃO NICOLAU;04/11/2022;5;0;5;0;100,0
CATALÃO/SÃO NICOLAU;05/11/2022;5;1;4;0;80,0
CATALÃO/SÃO NICOLAU;06/11/2022;5;1;4;0;80,0
CATALÃO/SÃO NICOLAU;07/11/2022;5;2;3;0;60,0
CATALÃO/SÃO NICOLAU;08/11/2022;5;1;4;0;80,0
CATALÃO/SÃO NICOLAU;09/11/2022;5;2;3;0;60,0
CATALÃO/SÃO NICOLAU;10/11/2022;5;1;4;0;80,0
CATALÃO/SÃO NICOLAU;11/11/2022;5;1;4;0;80,0
CATALÃO/SÃO NICOLAU;12/11/2022;5;1;4;0;80,0
CATALÃO/SÃO NICOLAU;13/11/2022;5;3;2;0;40,0
CATALÃO/SÃO NICOLAU;14/11/2022;5;3;2;0;40,0
CATALÃO/SÃO NICOLAU;15/11/2022;5;3;2;0;40,0
CATALÃO/SÃO NICOLAU;16/11/2022;5;1;4;0;80,0
CATALÃO/SÃO NICOLAU;17/11/2022;5;1;4;0;80,0
CATALÃO/SÃO NICOLAU;18/11/2022;5;0;5;0;100,0
CATALÃO/SÃO NICOLAU;19/11/2022;5;1;4;0;80,0
CATALÃO/SÃO NICOLAU;20/11/2022;5;0;5;0;100,0
CATALÃO/SÃO NICOLAU;21/11/2022;5;0;5;0;100,0
CATALÃO/SÃO NICOLAU;22/11/2022;5;1;4;0;80,0
CATALÃO/SÃO NICOLAU;23/11/2022;5;2;3;0;60,0
CATALÃO/SÃO NICOLAU;24/11/2022;5;1;4;0;80,0
CATALÃO/SÃO NICOLAU;25/11/2022;5;1;4;0;80,0
CATALÃO/SÃO NICOLAU;26/11/2022;5;2;3;0;60,0
CATALÃO/SÃO NICOLAU;27/11/2022;5;1;4;0;80,0
CATALÃO/SÃO NICOLAU;28/11/2022;5;1;4;0;80,0
CATALÃO/SÃO NICOLAU;29/11/2022;5;1;4;0;80,0
CATALÃO/SÃO NICOLAU;30/11/2022;5;2;3;0;60,0
CATALÃO/SÃO NICOLAU;01/12/2022;5;0;5;0;100,0
CATALÃO/SÃO NICOLAU;02/12/2022;5;1;4;0;80,0
CATALÃO/SÃO NICOLAU;03/12/2022;5;2;3;0;60,0
CATALÃO/SÃO NICOLAU;04/12/2022;5;5;0;0;0,0
CATALÃO/SÃO NICOLAU;05/12/2022;5;3;2;0;40,0
CATALÃO/SÃO NICOLAU;06/12/2022;5;2;3;0;60,0
CATALÃO/SÃO NICOLAU;07/12/2022;5;2;3;0;60,0
CATALÃO/SÃO NICOLAU;08/12/2022;5;2;3;0;60,0
CATALÃO/SÃO NICOLAU;09/12/2022;5;4;1;0;20,0
CATALÃO/SÃO NICOLAU;10/12/2022;5;4;1;0;20,0
CATALÃO/SÃO NICOLAU;11/12/2022;5;4;1;0;20,0
CATALÃO/SÃO NICOLAU;12/12/2022;5;4;1;0;20,0
CATALÃO/SÃO NICOLAU;13/12/2022;5;3;2;0;40,0
CATALÃO/SÃO NICOLAU;14/12/2022;5;2;3;0;60,0
CATALÃO/SÃO NICOLAU;15/12/2022;5;2;3;0;60,0
CATALÃO/SÃO NICOLAU;16/12/2022;5;2;3;0;60,0
CATALÃO/SÃO NICOLAU;17/12/2022;5;2;3;0;60,0
CATALÃO/SÃO NICOLAU;18/12/2022;5;2;3;0;60,0
CATALÃO/SÃO NICOLAU;19/12/2022;5;3;2;0;40,0
CATALÃO/SÃO NICOLAU;20/12/2022;5;3;2;0;40,0
CATALÃO/SÃO NICOLAU;21/12/2022;5;1;4;0;80,0
CATALÃO/SÃO NICOLAU;22/12/2022;5;1;4;0;80,0
CATALÃO/SÃO NICOLAU;23/12/2022;5;3;2;0;40,0
CATALÃO/SÃO NICOLAU;24/12/2022;5;3;2;0;40,0
CATALÃO/SÃO NICOLAU;25/12/2022;5;3;2;0;40,0
CATALÃO/SÃO NICOLAU;26/12/2022;5;3;2;0;40,0
CATALÃO/SÃO NICOLAU;27/12/2022;5;3;2;0;40,0
CATALÃO/SÃO NICOLAU;28/12/2022;5;3;2;0;40,0
CATALÃO/SÃO NICOLAU;29/12/2022;5;2;3;0;60,0
CATALÃO/SÃO NICOLAU;30/12/2022;5;0;5;0;100,0
CATALÃO/SÃO NICOLAU;31/12/2022;5;0;5;0;100,0
GOIÂNIA/CEAP-SOL;01/10/2021;1;0;0;1;100,0
GOIÂNIA/HEMU;28/07/2021;10;0;10;0;100,0
GOIÂNIA/HEMU;29/07/2021;10;0;10;0;100,0
GOIÂNIA/HEMU;30/07/2021;10;0;10;0;100,0
GOIÂNIA/HEMU;31/07/2021;10;0;10;0;100,0
GOIÂNIA/HEMU;01/08/2021;10;0;10;0;100,0
GOIÂNIA/HEMU;02/08/2021;10;0;10;0;100,0
GOIÂNIA/HEMU;03/08/2021;10;0;10;0;100,0
GOIÂNIA/HEMU;04/08/2021;10;0;10;0;100,0
GOIÂNIA/HEMU;05/08/2021;10;0;10;0;100,0
GOIÂNIA/HEMU;06/08/2021;10;0;10;0;100,0
GOIÂNIA/HEMU;07/08/2021;10;0;10;0;100,0
GOIÂNIA/HEMU;08/08/2021;10;0;10;0;100,0
GOIÂNIA/HEMU;09/08/2021;10;0;10;0;100,0
GOIÂNIA/HEMU;10/08/2021;10;0;10;0;100,0
GOIÂNIA/HEMU;11/08/2021;10;0;10;0;100,0
GOIÂNIA/HEMU;12/08/2021;10;0;10;0;100,0
GOIÂNIA/HEMU;13/08/2021;10;0;10;0;100,0
GOIÂNIA/HEMU;14/08/2021;10;0;10;0;100,0
GOIÂNIA/HEMU;15/08/2021;10;0;10;0;100,0
GOIÂNIA/HEMU;16/08/2021;10;0;10;0;100,0
GOIÂNIA/HEMU;17/08/2021;10;0;10;0;100,0
GOIÂNIA/HEMU;18/08/2021;10;0;10;0;100,0
GOIÂNIA/HEMU;19/08/2021;10;0;10;0;100,0
GOIÂNIA/HEMU;20/08/2021;10;0;10;0;100,0
GOIÂNIA/HEMU;21/08/2021;10;0;10;0;100,0
GOIÂNIA/HEMU;22/08/2021;10;0;10;0;100,0
GOIÂNIA/HEMU;23/08/2021;10;0;10;0;100,0
GOIÂNIA/HEMU;24/08/2021;10;0;10;0;100,0
GOIÂNIA/HEMU;25/08/2021;10;0;10;0;100,0
GOIÂNIA/HEMU;26/08/2021;10;0;10;0;100,0
GOIÂNIA/HEMU;27/08/2021;10;0;10;0;100,0
GOIÂNIA/HEMU;28/08/2021;10;0;10;0;100,0
GOIÂNIA/HEMU;29/08/2021;10;0;10;0;100,0
GOIÂNIA/HEMU;30/08/2021;10;0;10;0;100,0
GOIÂNIA/HEMU;31/08/2021;10;0;10;0;100,0
GOIÂNIA/HEMU;01/09/2021;10;0;10;0;100,0
GOIÂNIA/HEMU;02/09/2021;10;0;10;0;100,0
GOIÂNIA/HEMU;03/09/2021;10;0;10;0;100,0
GOIÂNIA/HEMU;04/09/2021;10;0;10;0;100,0
GOIÂNIA/HEMU;05/09/2021;10;0;10;0;100,0
GOIÂNIA/HEMU;06/09/2021;10;0;10;0;100,0
GOIÂNIA/HEMU;07/09/2021;10;0;10;0;100,0
GOIÂNIA/HEMU;08/09/2021;10;0;10;0;100,0
GOIÂNIA/HEMU;09/09/2021;10;0;10;0;100,0
GOIÂNIA/HEMU;10/09/2021;10;0;10;0;100,0
GOIÂNIA/HEMU;11/09/2021;10;0;10;0;100,0
GOIÂNIA/HEMU;12/09/2021;10;0;10;0;100,0
GOIÂNIA/HEMU;13/09/2021;10;0;10;0;100,0
GOIÂNIA/HEMU;14/09/2021;10;0;10;0;100,0
GOIÂNIA/HEMU;15/09/2021;10;0;10;0;100,0
GOIÂNIA/HEMU;16/09/2021;10;0;10;0;100,0
GOIÂNIA/HEMU;17/09/2021;10;0;10;0;100,0
GOIÂNIA/HEMU;18/09/2021;10;0;10;0;100,0
GOIÂNIA/HEMU;19/09/2021;10;0;10;0;100,0
GOIÂNIA/HEMU;20/09/2021;10;0;10;0;100,0
GOIÂNIA/HEMU;21/09/2021;10;0;10;0;100,0
GOIÂNIA/HEMU;22/09/2021;10;0;10;0;100,0
GOIÂNIA/HEMU;23/09/2021;10;0;10;0;100,0
GOIÂNIA/HEMU;24/09/2021;10;0;10;0;100,0
GOIÂNIA/HEMU;25/09/2021;10;0;10;0;100,0
GOIÂNIA/HEMU;26/09/2021;10;0;10;0;100,0
GOIÂNIA/HEMU;27/09/2021;10;0;10;0;100,0
GOIÂNIA/HEMU;28/09/2021;10;0;10;0;100,0
GOIÂNIA/HEMU;29/09/2021;10;1;9;0;90,0
GOIÂNIA/HEMU;30/09/2021;10;0;10;0;100,0
GOIÂNIA/HEMU;01/10/2021;10;0;10;0;100,0
GOIÂNIA/HEMU;02/10/2021;10;1;9;0;90,0
GOIÂNIA/HEMU;03/10/2021;10;1;9;0;90,0
GOIÂNIA/HEMU;04/10/2021;10;1;9;0;90,0
GOIÂNIA/HEMU;05/10/2021;10;0;10;0;100,0
GOIÂNIA/HEMU;06/10/2021;10;0;10;0;100,0
GOIÂNIA/HEMU;07/10/2021;10;0;10;0;100,0
GOIÂNIA/HEMU;08/10/2021;10;0;10;0;100,0
GOIÂNIA/HEMU;09/10/2021;10;0;10;0;100,0
GOIÂNIA/HEMU;10/10/2021;10;0;10;0;100,0
GOIÂNIA/HEMU;11/10/2021;10;0;10;0;100,0
GOIÂNIA/HEMU;12/10/2021;10;0;10;0;100,0
GOIÂNIA/HEMU;13/10/2021;10;0;10;0;100,0
GOIÂNIA/HEMU;14/10/2021;10;0;10;0;100,0
GOIÂNIA/HEMU;15/10/2021;10;0;10;0;100,0
GOIÂNIA/HEMU;16/10/2021;10;0;10;0;100,0
GOIÂNIA/HEMU;17/10/2021;10;0;10;0;100,0
GOIÂNIA/HEMU;18/10/2021;10;0;10;0;100,0
GOIÂNIA/HEMU;19/10/2021;10;1;9;0;90,0
GOIÂNIA/HEMU;20/10/2021;10;0;10;0;100,0
GOIÂNIA/HEMU;21/10/2021;10;0;10;0;100,0
GOIÂNIA/HEMU;22/10/2021;10;1;9;0;90,0
GOIÂNIA/HEMU;23/10/2021;10;0;10;0;100,0
GOIÂNIA/HEMU;24/10/2021;10;1;9;0;90,0
GOIÂNIA/HEMU;25/10/2021;10;0;10;0;100,0
GOIÂNIA/HEMU;26/10/2021;10;0;10;0;100,0
GOIÂNIA/HEMU;27/10/2021;10;0;10;0;100,0
GOIÂNIA/HEMU;28/10/2021;10;1;9;0;90,0
GOIÂNIA/HEMU;29/10/2021;10;0;10;0;100,0
GOIÂNIA/HEMU;30/10/2021;10;0;10;0;100,0
GOIÂNIA/HEMU;31/10/2021;10;0;10;0;100,0
GOIÂNIA/HEMU;01/11/2021;10;0;10;0;100,0
GOIÂNIA/HEMU;02/11/2021;10;0;10;0;100,0
GOIÂNIA/HEMU;03/11/2021;10;0;10;0;100,0
GOIÂNIA/HEMU;04/11/2021;10;0;10;0;100,0
GOIÂNIA/HEMU;05/11/2021;10;0;10;0;100,0
GOIÂNIA/HEMU;06/11/2021;10;0;10;0;100,0
GOIÂNIA/HEMU;07/11/2021;10;0;10;0;100,0
GOIÂNIA/HEMU;08/11/2021;10;0;10;0;100,0
GOIÂNIA/HEMU;09/11/2021;10;0;10;0;100,0
GOIÂNIA/HEMU;10/11/2021;10;0;10;0;100,0
GOIÂNIA/HEMU;11/11/2021;10;0;10;0;100,0
GOIÂNIA/HEMU;12/11/2021;10;0;10;0;100,0
GOIÂNIA/HEMU;13/11/2021;10;0;10;0;100,0
GOIÂNIA/HEMU;14/11/2021;10;0;10;0;100,0
GOIÂNIA/HEMU;15/11/2021;10;0;10;0;100,0
GOIÂNIA/HEMU;16/11/2021;10;0;10;0;100,0
GOIÂNIA/HEMU;17/11/2021;10;0;10;0;100,0
GOIÂNIA/HEMU;18/11/2021;10;0;10;0;100,0
GOIÂNIA/HEMU;19/11/2021;10;0;10;0;100,0
GOIÂNIA/HEMU;20/11/2021;10;0;10;0;100,0
GOIÂNIA/HEMU;21/11/2021;10;0;10;0;100,0
GOIÂNIA/HEMU;22/11/2021;10;0;10;0;100,0
GOIÂNIA/HEMU;23/11/2021;10;0;10;0;100,0
GOIÂNIA/HEMU;24/11/2021;10;0;10;0;100,0
GOIÂNIA/HEMU;25/11/2021;10;0;10;0;100,0
GOIÂNIA/HEMU;26/11/2021;10;0;10;0;100,0
GOIÂNIA/HEMU;27/11/2021;10;0;10;0;100,0
GOIÂNIA/HEMU;28/11/2021;10;0;10;0;100,0
GOIÂNIA/HEMU;29/11/2021;10;0;10;0;100,0
GOIÂNIA/HEMU;30/11/2021;10;0;10;0;100,0
GOIÂNIA/HEMU;01/12/2021;10;0;10;0;100,0
GOIÂNIA/HEMU;02/12/2021;10;0;10;0;100,0
GOIÂNIA/HEMU;03/12/2021;10;0;10;0;100,0
GOIÂNIA/HEMU;04/12/2021;10;0;10;0;100,0
GOIÂNIA/HEMU;05/12/2021;10;0;10;0;100,0
GOIÂNIA/HEMU;06/12/2021;10;0;10;0;100,0
GOIÂNIA/HEMU;07/12/2021;10;0;10;0;100,0
GOIÂNIA/HEMU;08/12/2021;10;0;10;0;100,0
GOIÂNIA/HEMU;09/12/2021;10;0;10;0;100,0
GOIÂNIA/HEMU;10/12/2021;10;0;10;0;100,0
GOIÂNIA/HEMU;11/12/2021;10;0;10;0;100,0
GOIÂNIA/HEMU;12/12/2021;10;0;10;0;100,0
GOIÂNIA/HEMU;13/12/2021;10;0;10;0;100,0
GOIÂNIA/HEMU;14/12/2021;10;0;10;0;100,0
GOIÂNIA/HEMU;15/12/2021;10;0;10;0;100,0
GOIÂNIA/HEMU;16/12/2021;10;0;10;0;100,0
GOIÂNIA/HEMU;17/12/2021;10;0;10;0;100,0
GOIÂNIA/HEMU;18/12/2021;10;0;10;0;100,0
GOIÂNIA/HEMU;19/12/2021;10;0;10;0;100,0
GOIÂNIA/HEMU;20/12/2021;10;0;10;0;100,0
GOIÂNIA/HEMU;21/12/2021;10;0;10;0;100,0
GOIÂNIA/HEMU;22/12/2021;10;0;10;0;100,0
GOIÂNIA/HEMU;23/12/2021;10;0;10;0;100,0
GOIÂNIA/HEMU;24/12/2021;10;0;10;0;100,0
GOIÂNIA/HEMU;25/12/2021;10;0;10;0;100,0
GOIÂNIA/HEMU;26/12/2021;10;1;9;0;90,0
GOIÂNIA/HEMU;27/12/2021;10;0;10;0;100,0
GOIÂNIA/HEMU;28/12/2021;10;0;10;0;100,0
GOIÂNIA/HEMU;29/12/2021;10;1;9;0;90,0
GOIÂNIA/HEMU;30/12/2021;10;1;9;0;90,0
GOIÂNIA/HEMU;31/12/2021;10;1;9;0;90,0
GOIÂNIA/HEMU;01/01/2022;10;1;9;0;90,0
GOIÂNIA/HEMU;02/01/2022;10;1;9;0;90,0
GOIÂNIA/HEMU;03/01/2022;10;1;9;0;90,0
GOIÂNIA/HEMU;04/01/2022;10;1;9;0;90,0
GOIÂNIA/HEMU;05/01/2022;10;0;10;0;100,0
GOIÂNIA/HEMU;06/01/2022;10;0;10;0;100,0
GOIÂNIA/HEMU;07/01/2022;10;0;10;0;100,0
GOIÂNIA/HEMU;08/01/2022;10;0;10;0;100,0
GOIÂNIA/HEMU;09/01/2022;10;0;10;0;100,0
GOIÂNIA/HEMU;10/01/2022;10;0;10;0;100,0
GOIÂNIA/HEMU;11/01/2022;10;0;10;0;100,0
GOIÂNIA/HEMU;12/01/2022;10;0;10;0;100,0
GOIÂNIA/HEMU;13/01/2022;10;0;10;0;100,0
GOIÂNIA/HEMU;14/01/2022;10;0;10;0;100,0
GOIÂNIA/HEMU;15/01/2022;10;0;10;0;100,0
GOIÂNIA/HEMU;16/01/2022;10;0;10;0;100,0
GOIÂNIA/HEMU;17/01/2022;10;0;10;0;100,0
GOIÂNIA/HEMU;18/01/2022;10;0;10;0;100,0
GOIÂNIA/HEMU;19/01/2022;10;0;10;0;100,0
GOIÂNIA/HEMU;20/01/2022;10;0;10;0;100,0
GOIÂNIA/HEMU;21/01/2022;10;0;10;0;100,0
GOIÂNIA/HEMU;22/01/2022;10;0;10;0;100,0
GOIÂNIA/HEMU;23/01/2022;10;0;10;0;100,0
GOIÂNIA/HEMU;24/01/2022;10;0;10;0;100,0
GOIÂNIA/HEMU;25/01/2022;10;1;9;0;90,0
GOIÂNIA/HEMU;26/01/2022;10;0;10;0;100,0
GOIÂNIA/HEMU;27/01/2022;10;0;10;0;100,0
GOIÂNIA/HEMU;28/01/2022;10;0;10;0;100,0
GOIÂNIA/HEMU;29/01/2022;10;0;10;0;100,0
GOIÂNIA/HEMU;30/01/2022;10;0;10;0;100,0
GOIÂNIA/HEMU;31/01/2022;10;0;10;0;100,0
GOIÂNIA/HEMU;01/02/2022;10;0;10;0;100,0
GOIÂNIA/HEMU;02/02/2022;10;0;10;0;100,0
GOIÂNIA/HEMU;03/02/2022;10;0;10;0;100,0
GOIÂNIA/HEMU;04/02/2022;10;0;9;1;100,0
GOIÂNIA/HEMU;05/02/2022;10;0;10;0;100,0
GOIÂNIA/HEMU;06/02/2022;10;0;10;0;100,0
GOIÂNIA/HEMU;07/02/2022;10;0;10;0;100,0
GOIÂNIA/HEMU;08/02/2022;10;0;10;0;100,0
GOIÂNIA/HEMU;09/02/2022;10;0;10;0;100,0
GOIÂNIA/HEMU;10/02/2022;20;10;10;0;50,0
GOIÂNIA/HEMU;11/02/2022;20;4;10;6;80,0
GOIÂNIA/HEMU;12/02/2022;29;18;10;1;37,93
GOIÂNIA/HEMU;13/02/2022;29;3;25;1;89,66
GOIÂNIA/HEMU;14/02/2022;29;1;28;0;96,55
GOIÂNIA/HEMU;15/02/2022;29;0;29;0;100,0
GOIÂNIA/HEMU;16/02/2022;29;1;28;0;96,55
GOIÂNIA/HEMU;17/02/2022;29;0;28;1;100,0
GOIÂNIA/HEMU;18/02/2022;29;2;27;0;93,1
GOIÂNIA/HEMU;19/02/2022;29;0;28;1;100,0
GOIÂNIA/HEMU;20/02/2022;29;1;28;0;96,55
GOIÂNIA/HEMU;21/02/2022;29;2;27;0;93,1
GOIÂNIA/HEMU;22/02/2022;29;3;26;0;89,66
GOIÂNIA/HEMU;23/02/2022;29;1;27;1;96,55
GOIÂNIA/HEMU;24/02/2022;29;0;29;0;100,0
GOIÂNIA/HEMU;25/02/2022;29;0;27;2;100,0
GOIÂNIA/HEMU;26/02/2022;29;2;26;1;93,1
GOIÂNIA/HEMU;27/02/2022;29;2;27;0;93,1
GOIÂNIA/HEMU;28/02/2022;29;1;28;0;96,55
GOIÂNIA/HEMU;01/03/2022;29;0;28;1;100,0
GOIÂNIA/HEMU;02/03/2022;29;0;28;1;100,0
GOIÂNIA/HEMU;03/03/2022;29;0;29;0;100,0
GOIÂNIA/HEMU;04/03/2022;29;0;29;0;100,0
GOIÂNIA/HEMU;05/03/2022;29;0;28;1;100,0
GOIÂNIA/HEMU;06/03/2022;29;0;28;1;100,0
GOIÂNIA/HEMU;07/03/2022;29;0;28;1;100,0
GOIÂNIA/HEMU;08/03/2022;29;0;29;0;100,0
GOIÂNIA/HEMU;09/03/2022;29;0;29;0;100,0
GOIÂNIA/HEMU;10/03/2022;29;0;28;1;100,0
GOIÂNIA/HEMU;11/03/2022;29;0;28;1;100,0
GOIÂNIA/HEMU;12/03/2022;29;0;29;0;100,0
GOIÂNIA/HEMU;13/03/2022;29;0;29;0;100,0
GOIÂNIA/HEMU;14/03/2022;29;0;29;0;100,0
GOIÂNIA/HEMU;15/03/2022;29;0;29;0;100,0
GOIÂNIA/HEMU;16/03/2022;29;0;29;0;100,0
GOIÂNIA/HEMU;17/03/2022;29;2;27;0;93,1
GOIÂNIA/HEMU;18/03/2022;29;1;28;0;96,55
GOIÂNIA/HEMU;19/03/2022;29;1;28;0;96,55
GOIÂNIA/HEMU;20/03/2022;29;0;28;1;100,0
GOIÂNIA/HEMU;21/03/2022;29;1;28;0;96,55
GOIÂNIA/HEMU;22/03/2022;29;2;27;0;93,1
GOIÂNIA/HEMU;23/03/2022;29;0;29;0;100,0
GOIÂNIA/HEMU;24/03/2022;29;3;26;0;89,66
GOIÂNIA/HEMU;25/03/2022;29;1;28;0;96,55
GOIÂNIA/HEMU;26/03/2022;29;0;29;0;100,0
GOIÂNIA/HEMU;27/03/2022;29;0;29;0;100,0
GOIÂNIA/HEMU;28/03/2022;29;0;29;0;100,0
GOIÂNIA/HEMU;29/03/2022;29;0;28;1;100,0
GOIÂNIA/HEMU;30/03/2022;29;1;28;0;96,55
GOIÂNIA/HEMU;31/03/2022;29;0;29;0;100,0
GOIÂNIA/HEMU;01/04/2022;29;0;29;0;100,0
GOIÂNIA/HEMU;02/04/2022;29;1;28;0;96,55
GOIÂNIA/HEMU;03/04/2022;29;0;29;0;100,0
GOIÂNIA/HEMU;04/04/2022;29;1;28;0;96,55
GOIÂNIA/HEMU;05/04/2022;29;0;29;0;100,0
GOIÂNIA/HEMU;06/04/2022;29;0;29;0;100,0
GOIÂNIA/HEMU;07/04/2022;29;1;28;0;96,55
GOIÂNIA/HEMU;08/04/2022;29;1;28;0;96,55
GOIÂNIA/HEMU;09/04/2022;29;0;29;0;100,0
GOIÂNIA/HEMU;10/04/2022;29;0;29;0;100,0
GOIÂNIA/HEMU;11/04/2022;29;0;29;0;100,0
GOIÂNIA/HEMU;12/04/2022;29;2;27;0;93,1
GOIÂNIA/HEMU;13/04/2022;29;0;28;1;100,0
GOIÂNIA/HEMU;14/04/2022;29;0;29;0;100,0
GOIÂNIA/HEMU;15/04/2022;29;0;29;0;100,0
GOIÂNIA/HEMU;16/04/2022;29;1;28;0;96,55
GOIÂNIA/HEMU;17/04/2022;29;0;29;0;100,0
GOIÂNIA/HEMU;18/04/2022;29;0;29;0;100,0
GOIÂNIA/HEMU;19/04/2022;29;0;29;0;100,0
GOIÂNIA/HEMU;20/04/2022;29;0;29;0;100,0
GOIÂNIA/HEMU;21/04/2022;29;0;28;1;100,0
GOIÂNIA/HEMU;22/04/2022;29;0;28;1;100,0
GOIÂNIA/HEMU;23/04/2022;29;0;29;0;100,0
GOIÂNIA/HEMU;24/04/2022;29;0;29;0;100,0
GOIÂNIA/HEMU;25/04/2022;29;0;29;0;100,0
GOIÂNIA/HEMU;26/04/2022;29;0;29;0;100,0
GOIÂNIA/HEMU;27/04/2022;29;0;29;0;100,0
GOIÂNIA/HEMU;28/04/2022;29;0;29;0;100,0
GOIÂNIA/HEMU;29/04/2022;29;0;29;0;100,0
GOIÂNIA/HEMU;30/04/2022;29;1;28;0;96,55
GOIÂNIA/HEMU;01/05/2022;29;0;27;2;100,0
GOIÂNIA/HEMU;02/05/2022;29;1;28;0;96,55
GOIÂNIA/HEMU;03/05/2022;29;1;28;0;96,55
GOIÂNIA/HEMU;04/05/2022;29;0;29;0;100,0
GOIÂNIA/HEMU;05/05/2022;29;0;29;0;100,0
GOIÂNIA/HEMU;06/05/2022;29;0;29;0;100,0
GOIÂNIA/HEMU;07/05/2022;29;1;28;0;96,55
GOIÂNIA/HEMU;08/05/2022;29;0;29;0;100,0
GOIÂNIA/HEMU;09/05/2022;29;0;29;0;100,0
GOIÂNIA/HEMU;10/05/2022;29;1;28;0;96,55
GOIÂNIA/HEMU;11/05/2022;29;0;29;0;100,0
GOIÂNIA/HEMU;12/05/2022;29;0;29;0;100,0
GOIÂNIA/HEMU;13/05/2022;29;1;28;0;96,55
GOIÂNIA/HEMU;14/05/2022;29;0;29;0;100,0
GOIÂNIA/HEMU;15/05/2022;29;0;28;1;100,0
GOIÂNIA/HEMU;16/05/2022;29;1;28;0;96,55
GOIÂNIA/HEMU;17/05/2022;29;0;29;0;100,0
GOIÂNIA/HEMU;18/05/2022;29;0;29;0;100,0
GOIÂNIA/HEMU;19/05/2022;29;1;28;0;96,55
GOIÂNIA/HEMU;20/05/2022;29;0;29;0;100,0
GOIÂNIA/HEMU;21/05/2022;29;0;29;0;100,0
GOIÂNIA/HEMU;22/05/2022;29;0;29;0;100,0
GOIÂNIA/HEMU;23/05/2022;29;0;29;0;100,0
GOIÂNIA/HEMU;24/05/2022;29;1;28;0;96,55
GOIÂNIA/HEMU;25/05/2022;29;0;29;0;100,0
GOIÂNIA/HEMU;26/05/2022;29;0;29;0;100,0
GOIÂNIA/HEMU;27/05/2022;29;0;29;0;100,0
GOIÂNIA/HEMU;28/05/2022;29;0;29;0;100,0
GOIÂNIA/HEMU;29/05/2022;29;0;28;1;100,0
GOIÂNIA/HEMU;30/05/2022;29;0;29;0;100,0
GOIÂNIA/HEMU;31/05/2022;29;0;29;0;100,0
GOIÂNIA/HEMU;01/06/2022;29;0;29;0;100,0
GOIÂNIA/HEMU;02/06/2022;29;0;29;0;100,0
GOIÂNIA/HEMU;03/06/2022;29;1;28;0;96,55
GOIÂNIA/HEMU;04/06/2022;29;0;29;0;100,0
GOIÂNIA/HEMU;05/06/2022;29;0;29;0;100,0
GOIÂNIA/HEMU;06/06/2022;29;0;29;0;100,0
GOIÂNIA/HEMU;07/06/2022;29;1;28;0;96,55
GOIÂNIA/HEMU;08/06/2022;29;0;29;0;100,0
GOIÂNIA/HEMU;09/06/2022;29;0;29;0;100,0
GOIÂNIA/HEMU;10/06/2022;29;0;29;0;100,0
GOIÂNIA/HEMU;11/06/2022;29;0;29;0;100,0
GOIÂNIA/HEMU;12/06/2022;29;0;29;0;100,0
GOIÂNIA/HEMU;13/06/2022;29;0;29;0;100,0
GOIÂNIA/HEMU;14/06/2022;29;0;29;0;100,0
GOIÂNIA/HEMU;15/06/2022;29;0;29;0;100,0
GOIÂNIA/HEMU;16/06/2022;29;0;29;0;100,0
GOIÂNIA/HEMU;17/06/2022;29;0;29;0;100,0
GOIÂNIA/HEMU;18/06/2022;29;0;29;0;100,0
GOIÂNIA/HEMU;19/06/2022;29;0;29;0;100,0
GOIÂNIA/HEMU;20/06/2022;29;0;29;0;100,0
GOIÂNIA/HEMU;21/06/2022;29;1;28;0;96,55
GOIÂNIA/HEMU;22/06/2022;29;0;29;0;100,0
GOIÂNIA/HEMU;23/06/2022;29;2;27;0;93,1
GOIÂNIA/HEMU;24/06/2022;29;0;29;0;100,0
GOIÂNIA/HEMU;25/06/2022;29;0;29;0;100,0
GOIÂNIA/HEMU;26/06/2022;29;0;29;0;100,0
GOIÂNIA/HEMU;27/06/2022;29;0;29;0;100,0
GOIÂNIA/HEMU;28/06/2022;29;0;29;0;100,0
GOIÂNIA/HEMU;29/06/2022;29;0;29;0;100,0
GOIÂNIA/HEMU;30/06/2022;29;0;29;0;100,0
GOIÂNIA/HEMU;01/07/2022;29;1;28;0;96,55
GOIÂNIA/HEMU;02/07/2022;29;0;29;0;100,0
GOIÂNIA/HEMU;03/07/2022;29;0;28;1;100,0
GOIÂNIA/HEMU;04/07/2022;29;0;29;0;100,0
GOIÂNIA/HEMU;05/07/2022;29;0;29;0;100,0
GOIÂNIA/HEMU;06/07/2022;29;0;28;1;100,0
GOIÂNIA/HEMU;07/07/2022;29;0;29;0;100,0
GOIÂNIA/HEMU;08/07/2022;29;0;29;0;100,0
GOIÂNIA/HEMU;09/07/2022;29;1;28;0;96,55
GOIÂNIA/HEMU;10/07/2022;29;0;29;0;100,0
GOIÂNIA/HEMU;11/07/2022;29;0;29;0;100,0
GOIÂNIA/HEMU;12/07/2022;29;0;29;0;100,0
GOIÂNIA/HEMU;13/07/2022;29;0;29;0;100,0
GOIÂNIA/HEMU;14/07/2022;29;0;29;0;100,0
GOIÂNIA/HEMU;15/07/2022;29;0;29;0;100,0
GOIÂNIA/HEMU;16/07/2022;29;0;29;0;100,0
GOIÂNIA/HEMU;17/07/2022;29;0;29;0;100,0
GOIÂNIA/HEMU;18/07/2022;29;0;29;0;100,0
GOIÂNIA/HEMU;19/07/2022;29;0;29;0;100,0
GOIÂNIA/HEMU;20/07/2022;29;0;29;0;100,0
GOIÂNIA/HEMU;21/07/2022;29;0;28;1;100,0
GOIÂNIA/HEMU;22/07/2022;29;0;29;0;100,0
GOIÂNIA/HEMU;23/07/2022;29;0;29;0;100,0
GOIÂNIA/HEMU;24/07/2022;29;0;29;0;100,0
GOIÂNIA/HEMU;25/07/2022;29;0;29;0;100,0
GOIÂNIA/HEMU;26/07/2022;29;0;29;0;100,0
GOIÂNIA/HEMU;27/07/2022;29;0;29;0;100,0
GOIÂNIA/HEMU;28/07/2022;29;0;29;0;100,0
GOIÂNIA/HEMU;29/07/2022;29;0;29;0;100,0
GOIÂNIA/HEMU;30/07/2022;29;1;28;0;96,55
GOIÂNIA/HEMU;31/07/2022;29;0;29;0;100,0
GOIÂNIA/HEMU;01/08/2022;29;0;29;0;100,0
GOIÂNIA/HEMU;02/08/2022;29;0;29;0;100,0
GOIÂNIA/HEMU;03/08/2022;29;0;29;0;100,0
GOIÂNIA/HEMU;04/08/2022;29;0;29;0;100,0
GOIÂNIA/HEMU;05/08/2022;29;0;29;0;100,0
GOIÂNIA/HEMU;06/08/2022;29;0;29;0;100,0
GOIÂNIA/HEMU;07/08/2022;29;0;29;0;100,0
GOIÂNIA/HEMU;08/08/2022;29;0;28;1;100,0
GOIÂNIA/HEMU;09/08/2022;29;1;28;0;96,55
GOIÂNIA/HEMU;10/08/2022;29;0;29;0;100,0
GOIÂNIA/HEMU;11/08/2022;29;0;29;0;100,0
GOIÂNIA/HEMU;12/08/2022;29;0;29;0;100,0
GOIÂNIA/HEMU;13/08/2022;29;0;29;0;100,0
GOIÂNIA/HEMU;14/08/2022;29;0;29;0;100,0
GOIÂNIA/HEMU;15/08/2022;29;0;29;0;100,0
GOIÂNIA/HEMU;16/08/2022;29;0;29;0;100,0
GOIÂNIA/HEMU;17/08/2022;29;0;29;0;100,0
GOIÂNIA/HEMU;18/08/2022;29;0;29;0;100,0
GOIÂNIA/HEMU;19/08/2022;29;0;29;0;100,0
GOIÂNIA/HEMU;20/08/2022;29;1;28;0;96,55
GOIÂNIA/HEMU;21/08/2022;29;0;29;0;100,0
GOIÂNIA/HEMU;22/08/2022;29;1;28;0;96,55
GOIÂNIA/HEMU;23/08/2022;29;0;29;0;100,0
GOIÂNIA/HEMU;24/08/2022;29;0;29;0;100,0
GOIÂNIA/HEMU;25/08/2022;29;0;29;0;100,0
GOIÂNIA/HEMU;26/08/2022;29;0;29;0;100,0
GOIÂNIA/HEMU;27/08/2022;29;0;29;0;100,0
GOIÂNIA/HEMU;28/08/2022;29;0;29;0;100,0
GOIÂNIA/HEMU;29/08/2022;29;1;27;1;96,55
GOIÂNIA/HEMU;30/08/2022;29;0;29;0;100,0
GOIÂNIA/HEMU;31/08/2022;29;1;28;0;96,55
GOIÂNIA/HEMU;01/09/2022;29;0;29;0;100,0
GOIÂNIA/HEMU;02/09/2022;29;0;28;1;100,0
GOIÂNIA/HEMU;03/09/2022;29;0;29;0;100,0
GOIÂNIA/HEMU;04/09/2022;29;0;29;0;100,0
GOIÂNIA/HEMU;05/09/2022;29;0;29;0;100,0
GOIÂNIA/HEMU;06/09/2022;29;2;27;0;93,1
GOIÂNIA/HEMU;07/09/2022;29;0;29;0;100,0
GOIÂNIA/HEMU;08/09/2022;29;0;29;0;100,0
GOIÂNIA/HEMU;09/09/2022;29;1;28;0;96,55
GOIÂNIA/HEMU;10/09/2022;29;0;29;0;100,0
GOIÂNIA/HEMU;11/09/2022;29;0;29;0;100,0
GOIÂNIA/HEMU;12/09/2022;29;1;28;0;96,55
GOIÂNIA/HEMU;13/09/2022;29;0;29;0;100,0
GOIÂNIA/HEMU;14/09/2022;29;1;28;0;96,55
GOIÂNIA/HEMU;15/09/2022;29;1;28;0;96,55
GOIÂNIA/HEMU;16/09/2022;29;1;28;0;96,55
GOIÂNIA/HEMU;17/09/2022;29;1;28;0;96,55
GOIÂNIA/HEMU;18/09/2022;29;0;29;0;100,0
GOIÂNIA/HEMU;19/09/2022;29;0;29;0;100,0
GOIÂNIA/HEMU;20/09/2022;29;0;29;0;100,0
GOIÂNIA/HEMU;21/09/2022;29;1;28;0;96,55
GOIÂNIA/HEMU;22/09/2022;29;1;28;0;96,55
GOIÂNIA/HEMU;23/09/2022;29;1;28;0;96,55
GOIÂNIA/HEMU;24/09/2022;29;0;29;0;100,0
GOIÂNIA/HEMU;25/09/2022;29;1;28;0;96,55
GOIÂNIA/HEMU;26/09/2022;29;0;29;0;100,0
GOIÂNIA/HEMU;27/09/2022;29;1;28;0;96,55
GOIÂNIA/HEMU;28/09/2022;29;0;29;0;100,0
GOIÂNIA/HEMU;29/09/2022;29;1;28;0;96,55
GOIÂNIA/HEMU;30/09/2022;29;1;28;0;96,55
GOIÂNIA/HEMU;01/10/2022;29;0;29;0;100,0
GOIÂNIA/HEMU;02/10/2022;29;0;29;0;100,0
GOIÂNIA/HEMU;03/10/2022;29;0;29;0;100,0
GOIÂNIA/HEMU;04/10/2022;29;0;29;0;100,0
GOIÂNIA/HEMU;05/10/2022;29;0;29;0;100,0
GOIÂNIA/HEMU;06/10/2022;29;0;29;0;100,0
GOIÂNIA/HEMU;07/10/2022;29;0;29;0;100,0
GOIÂNIA/HEMU;08/10/2022;29;0;28;1;100,0
GOIÂNIA/HEMU;09/10/2022;29;0;29;0;100,0
GOIÂNIA/HEMU;10/10/2022;29;0;29;0;100,0
GOIÂNIA/HEMU;11/10/2022;29;0;29;0;100,0
GOIÂNIA/HEMU;12/10/2022;29;1;28;0;96,55
GOIÂNIA/HEMU;13/10/2022;29;0;29;0;100,0
GOIÂNIA/HEMU;14/10/2022;29;0;29;0;100,0
GOIÂNIA/HEMU;15/10/2022;29;1;28;0;96,55
GOIÂNIA/HEMU;16/10/2022;29;0;29;0;100,0
GOIÂNIA/HEMU;17/10/2022;29;0;29;0;100,0
GOIÂNIA/HEMU;18/10/2022;29;0;29;0;100,0
GOIÂNIA/HEMU;19/10/2022;29;0;29;0;100,0
GOIÂNIA/HEMU;20/10/2022;29;0;28;1;100,0
GOIÂNIA/HEMU;21/10/2022;29;0;29;0;100,0
GOIÂNIA/HEMU;22/10/2022;29;0;29;0;100,0
GOIÂNIA/HEMU;23/10/2022;29;1;28;0;96,55
GOIÂNIA/HEMU;24/10/2022;29;0;28;1;100,0
GOIÂNIA/HEMU;25/10/2022;29;0;28;1;100,0
GOIÂNIA/HEMU;26/10/2022;29;0;29;0;100,0
GOIÂNIA/HEMU;27/10/2022;29;0;29;0;100,0
GOIÂNIA/HEMU;28/10/2022;29;0;29;0;100,0
GOIÂNIA/HEMU;29/10/2022;29;0;29;0;100,0
GOIÂNIA/HEMU;30/10/2022;29;2;27;0;93,1
GOIÂNIA/HEMU;31/10/2022;29;1;28;0;96,55
GOIÂNIA/HEMU;01/11/2022;29;1;28;0;96,55
GOIÂNIA/HEMU;02/11/2022;29;0;29;0;100,0
GOIÂNIA/HEMU;03/11/2022;29;0;29;0;100,0
GOIÂNIA/HEMU;04/11/2022;29;0;29;0;100,0
GOIÂNIA/HEMU;05/11/2022;29;1;28;0;96,55
GOIÂNIA/HEMU;06/11/2022;29;0;29;0;100,0
GOIÂNIA/HEMU;07/11/2022;29;0;29;0;100,0
GOIÂNIA/HEMU;08/11/2022;29;0;29;0;100,0
GOIÂNIA/HEMU;09/11/2022;29;0;29;0;100,0
GOIÂNIA/HEMU;10/11/2022;29;0;29;0;100,0
GOIÂNIA/HEMU;11/11/2022;29;0;29;0;100,0
GOIÂNIA/HEMU;12/11/2022;29;0;29;0;100,0
GOIÂNIA/HEMU;13/11/2022;29;1;28;0;96,55
GOIÂNIA/HEMU;14/11/2022;29;1;28;0;96,55
GOIÂNIA/HEMU;15/11/2022;29;0;29;0;100,0
GOIÂNIA/HEMU;16/11/2022;29;0;29;0;100,0
GOIÂNIA/HEMU;17/11/2022;29;0;29;0;100,0
GOIÂNIA/HEMU;18/11/2022;29;0;29;0;100,0
GOIÂNIA/HEMU;19/11/2022;29;0;29;0;100,0
GOIÂNIA/HEMU;20/11/2022;29;0;29;0;100,0
GOIÂNIA/HEMU;21/11/2022;29;1;27;1;96,55
GOIÂNIA/HEMU;22/11/2022;29;1;28;0;96,55
GOIÂNIA/HEMU;23/11/2022;29;0;29;0;100,0
GOIÂNIA/HEMU;24/11/2022;29;0;28;1;100,0
GOIÂNIA/HEMU;25/11/2022;29;0;29;0;100,0
GOIÂNIA/HEMU;26/11/2022;29;0;29;0;100,0
GOIÂNIA/HEMU;27/11/2022;29;0;29;0;100,0
GOIÂNIA/HEMU;28/11/2022;29;0;29;0;100,0
GOIÂNIA/HEMU;29/11/2022;29;0;29;0;100,0
GOIÂNIA/HEMU;30/11/2022;29;0;29;0;100,0
GOIÂNIA/HEMU;01/12/2022;29;0;29;0;100,0
GOIÂNIA/HEMU;02/12/2022;29;0;29;0;100,0
GOIÂNIA/HEMU;03/12/2022;29;0;29;0;100,0
GOIÂNIA/HEMU;04/12/2022;29;0;29;0;100,0
GOIÂNIA/HEMU;05/12/2022;29;1;28;0;96,55
GOIÂNIA/HEMU;06/12/2022;29;1;28;0;96,55
GOIÂNIA/HEMU;07/12/2022;29;1;28;0;96,55
GOIÂNIA/HEMU;08/12/2022;29;0;29;0;100,0
GOIÂNIA/HEMU;09/12/2022;29;0;29;0;100,0
GOIÂNIA/HEMU;10/12/2022;29;0;29;0;100,0
GOIÂNIA/HEMU;11/12/2022;29;0;29;0;100,0
GOIÂNIA/HEMU;12/12/2022;29;0;29;0;100,0
GOIÂNIA/HEMU;13/12/2022;29;1;28;0;96,55
GOIÂNIA/HEMU;14/12/2022;29;0;28;1;100,0
GOIÂNIA/HEMU;15/12/2022;29;0;29;0;100,0
GOIÂNIA/HEMU;16/12/2022;29;0;28;1;100,0
GOIÂNIA/HEMU;17/12/2022;29;1;28;0;96,55
GOIÂNIA/HEMU;18/12/2022;29;0;29;0;100,0
GOIÂNIA/HEMU;19/12/2022;29;0;29;0;100,0
GOIÂNIA/HEMU;20/12/2022;29;0;29;0;100,0
GOIÂNIA/HEMU;21/12/2022;29;1;28;0;96,55
GOIÂNIA/HEMU;22/12/2022;29;0;29;0;100,0
GOIÂNIA/HEMU;23/12/2022;29;0;29;0;100,0
GOIÂNIA/HEMU;24/12/2022;29;0;29;0;100,0
GOIÂNIA/HEMU;25/12/2022;29;0;29;0;100,0
GOIÂNIA/HEMU;26/12/2022;29;0;29;0;100,0
GOIÂNIA/HEMU;27/12/2022;29;0;29;0;100,0
GOIÂNIA/HEMU;28/12/2022;29;0;29;0;100,0
GOIÂNIA/HEMU;29/12/2022;29;0;28;1;100,0
GOIÂNIA/HEMU;30/12/2022;29;0;29;0;100,0
GOIÂNIA/HEMU;31/12/2022;29;0;29;0;100,0
GOIÂNIA/HMI;01/01/2020;10;1;9;0;90,0
GOIÂNIA/HMI;02/01/2020;10;0;10;0;100,0
GOIÂNIA/HMI;03/01/2020;10;0;10;0;100,0
GOIÂNIA/HMI;04/01/2020;10;0;10;0;100,0
GOIÂNIA/HMI;05/01/2020;10;0;10;0;100,0
GOIÂNIA/HMI;06/01/2020;10;0;10;0;100,0
GOIÂNIA/HMI;07/01/2020;10;0;10;0;100,0
GOIÂNIA/HMI;08/01/2020;10;0;10;0;100,0
GOIÂNIA/HMI;09/01/2020;10;0;10;0;100,0
GOIÂNIA/HMI;10/01/2020;10;0;10;0;100,0
GOIÂNIA/HMI;11/01/2020;10;0;10;0;100,0
GOIÂNIA/HMI;12/01/2020;10;0;10;0;100,0
GOIÂNIA/HMI;13/01/2020;10;0;10;0;100,0
GOIÂNIA/HMI;14/01/2020;10;0;10;0;100,0
GOIÂNIA/HMI;15/01/2020;10;0;10;0;100,0
GOIÂNIA/HMI;16/01/2020;10;1;9;0;90,0
GOIÂNIA/HMI;17/01/2020;10;0;10;0;100,0
GOIÂNIA/HMI;18/01/2020;10;0;10;0;100,0
GOIÂNIA/HMI;19/01/2020;10;0;10;0;100,0
GOIÂNIA/HMI;20/01/2020;10;0;10;0;100,0
GOIÂNIA/HMI;21/01/2020;10;0;10;0;100,0
GOIÂNIA/HMI;22/01/2020;10;1;9;0;90,0
GOIÂNIA/HMI;23/01/2020;10;0;10;0;100,0
GOIÂNIA/HMI;24/01/2020;10;0;10;0;100,0
GOIÂNIA/HMI;25/01/2020;10;0;10;0;100,0
GOIÂNIA/HMI;26/01/2020;10;1;9;0;90,0
GOIÂNIA/HMI;27/01/2020;10;0;10;0;100,0
GOIÂNIA/HMI;28/01/2020;10;0;10;0;100,0
GOIÂNIA/HMI;29/01/2020;10;0;10;0;100,0
GOIÂNIA/HMI;30/01/2020;10;0;10;0;100,0
GOIÂNIA/HMI;31/01/2020;10;0;10;0;100,0
GOIÂNIA/HMI;01/02/2020;10;0;10;0;100,0
GOIÂNIA/HMI;02/02/2020;10;0;10;0;100,0
GOIÂNIA/HMI;03/02/2020;10;0;10;0;100,0
GOIÂNIA/HMI;04/02/2020;10;0;10;0;100,0
GOIÂNIA/HMI;05/02/2020;10;0;10;0;100,0
GOIÂNIA/HMI;06/02/2020;10;0;10;0;100,0
GOIÂNIA/HMI;07/02/2020;10;0;10;0;100,0
GOIÂNIA/HMI;08/02/2020;10;0;10;0;100,0
GOIÂNIA/HMI;09/02/2020;10;1;9;0;90,0
GOIÂNIA/HMI;10/02/2020;10;0;10;0;100,0
GOIÂNIA/HMI;11/02/2020;10;0;10;0;100,0
GOIÂNIA/HMI;12/02/2020;10;0;10;0;100,0
GOIÂNIA/HMI;13/02/2020;10;0;10;0;100,0
GOIÂNIA/HMI;14/02/2020;10;0;10;0;100,0
GOIÂNIA/HMI;15/02/2020;10;0;10;0;100,0
GOIÂNIA/HMI;16/02/2020;10;0;10;0;100,0
GOIÂNIA/HMI;17/02/2020;10;0;10;0;100,0
GOIÂNIA/HMI;18/02/2020;10;0;10;0;100,0
GOIÂNIA/HMI;19/02/2020;10;0;10;0;100,0
GOIÂNIA/HMI;20/02/2020;10;0;10;0;100,0
GOIÂNIA/HMI;21/02/2020;10;0;10;0;100,0
GOIÂNIA/HMI;22/02/2020;10;0;10;0;100,0
GOIÂNIA/HMI;23/02/2020;10;1;9;0;90,0
GOIÂNIA/HMI;24/02/2020;10;0;10;0;100,0
GOIÂNIA/HMI;25/02/2020;10;0;10;0;100,0
GOIÂNIA/HMI;26/02/2020;10;0;10;0;100,0
GOIÂNIA/HMI;27/02/2020;10;0;10;0;100,0
GOIÂNIA/HMI;28/02/2020;10;0;10;0;100,0
GOIÂNIA/HMI;29/02/2020;10;0;10;0;100,0
GOIÂNIA/HMI;01/03/2020;10;0;10;0;100,0
GOIÂNIA/HMI;02/03/2020;10;0;10;0;100,0
GOIÂNIA/HMI;03/03/2020;10;0;10;0;100,0
GOIÂNIA/HMI;04/03/2020;10;0;10;0;100,0
GOIÂNIA/HMI;05/03/2020;10;0;10;0;100,0
GOIÂNIA/HMI;06/03/2020;10;0;10;0;100,0
GOIÂNIA/HMI;07/03/2020;10;0;10;0;100,0
GOIÂNIA/HMI;08/03/2020;10;0;10;0;100,0
GOIÂNIA/HMI;09/03/2020;10;0;10;0;100,0
GOIÂNIA/HMI;10/03/2020;10;0;10;0;100,0
GOIÂNIA/HMI;11/03/2020;10;1;9;0;90,0
GOIÂNIA/HMI;12/03/2020;10;0;10;0;100,0
GOIÂNIA/HMI;13/03/2020;10;0;10;0;100,0
GOIÂNIA/HMI;14/03/2020;10;0;10;0;100,0
GOIÂNIA/HMI;15/03/2020;10;0;10;0;100,0
GOIÂNIA/HMI;16/03/2020;10;0;10;0;100,0
GOIÂNIA/HMI;17/03/2020;10;1;9;0;90,0
GOIÂNIA/HMI;18/03/2020;10;0;10;0;100,0
GOIÂNIA/HMI;19/03/2020;10;0;10;0;100,0
GOIÂNIA/HMI;20/03/2020;10;1;9;0;90,0
GOIÂNIA/HMI;21/03/2020;10;0;10;0;100,0
GOIÂNIA/HMI;22/03/2020;10;0;10;0;100,0
GOIÂNIA/HMI;23/03/2020;10;0;10;0;100,0
GOIÂNIA/HMI;24/03/2020;10;0;10;0;100,0
GOIÂNIA/HMI;25/03/2020;10;0;10;0;100,0
GOIÂNIA/HMI;26/03/2020;10;0;10;0;100,0
GOIÂNIA/HMI;27/03/2020;10;0;10;0;100,0
GOIÂNIA/HMI;28/03/2020;10;0;10;0;100,0
GOIÂNIA/HMI;29/03/2020;10;0;10;0;100,0
GOIÂNIA/HMI;30/03/2020;10;0;10;0;100,0
GOIÂNIA/HMI;31/03/2020;10;1;9;0;90,0
GOIÂNIA/HMI;01/04/2020;10;0;10;0;100,0
GOIÂNIA/HMI;02/04/2020;10;0;10;0;100,0
GOIÂNIA/HMI;03/04/2020;10;0;10;0;100,0
GOIÂNIA/HMI;04/04/2020;10;1;9;0;90,0
GOIÂNIA/HMI;05/04/2020;10;0;10;0;100,0
GOIÂNIA/HMI;06/04/2020;10;0;10;0;100,0
GOIÂNIA/HMI;07/04/2020;10;0;10;0;100,0
GOIÂNIA/HMI;08/04/2020;10;0;10;0;100,0
GOIÂNIA/HMI;09/04/2020;10;0;10;0;100,0
GOIÂNIA/HMI;10/04/2020;10;0;10;0;100,0
GOIÂNIA/HMI;11/04/2020;10;0;10;0;100,0
GOIÂNIA/HMI;12/04/2020;10;0;10;0;100,0
GOIÂNIA/HMI;13/04/2020;10;0;10;0;100,0
GOIÂNIA/HMI;14/04/2020;10;0;10;0;100,0
GOIÂNIA/HMI;15/04/2020;10;0;10;0;100,0
GOIÂNIA/HMI;16/04/2020;10;0;10;0;100,0
GOIÂNIA/HMI;17/04/2020;10;1;9;0;90,0
GOIÂNIA/HMI;18/04/2020;10;0;10;0;100,0
GOIÂNIA/HMI;19/04/2020;10;0;10;0;100,0
GOIÂNIA/HMI;20/04/2020;10;0;10;0;100,0
GOIÂNIA/HMI;21/04/2020;10;0;10;0;100,0
GOIÂNIA/HMI;22/04/2020;10;0;10;0;100,0
GOIÂNIA/HMI;23/04/2020;10;0;10;0;100,0
GOIÂNIA/HMI;24/04/2020;10;0;10;0;100,0
GOIÂNIA/HMI;25/04/2020;10;0;10;0;100,0
GOIÂNIA/HMI;26/04/2020;10;1;9;0;90,0
GOIÂNIA/HMI;27/04/2020;10;0;10;0;100,0
GOIÂNIA/HMI;28/04/2020;10;0;10;0;100,0
GOIÂNIA/HMI;29/04/2020;10;0;10;0;100,0
GOIÂNIA/HMI;30/04/2020;10;0;10;0;100,0
GOIÂNIA/HMI;01/05/2020;10;0;10;0;100,0
GOIÂNIA/HMI;02/05/2020;10;0;10;0;100,0
GOIÂNIA/HMI;03/05/2020;10;0;10;0;100,0
GOIÂNIA/HMI;04/05/2020;10;0;10;0;100,0
GOIÂNIA/HMI;05/05/2020;10;0;10;0;100,0
GOIÂNIA/HMI;06/05/2020;10;0;10;0;100,0
GOIÂNIA/HMI;07/05/2020;10;0;10;0;100,0
GOIÂNIA/HMI;08/05/2020;10;0;10;0;100,0
GOIÂNIA/HMI;09/05/2020;10;0;10;0;100,0
GOIÂNIA/HMI;10/05/2020;10;0;10;0;100,0
GOIÂNIA/HMI;11/05/2020;10;0;10;0;100,0
GOIÂNIA/HMI;12/05/2020;10;0;10;0;100,0
GOIÂNIA/HMI;13/05/2020;10;0;10;0;100,0
GOIÂNIA/HMI;14/05/2020;10;0;10;0;100,0
GOIÂNIA/HMI;15/05/2020;10;0;10;0;100,0
GOIÂNIA/HMI;16/05/2020;10;0;10;0;100,0
GOIÂNIA/HMI;17/05/2020;10;1;9;0;90,0
GOIÂNIA/HMI;18/05/2020;10;0;10;0;100,0
GOIÂNIA/HMI;19/05/2020;10;0;10;0;100,0
GOIÂNIA/HMI;20/05/2020;10;0;10;0;100,0
GOIÂNIA/HMI;21/05/2020;10;0;10;0;100,0
GOIÂNIA/HMI;22/05/2020;10;0;10;0;100,0
GOIÂNIA/HMI;23/05/2020;10;0;10;0;100,0
GOIÂNIA/HMI;24/05/2020;10;0;10;0;100,0
GOIÂNIA/HMI;25/05/2020;10;0;10;0;100,0
GOIÂNIA/HMI;26/05/2020;10;1;9;0;90,0
GOIÂNIA/HMI;27/05/2020;10;0;10;0;100,0
GOIÂNIA/HMI;28/05/2020;10;0;10;0;100,0
GOIÂNIA/HMI;29/05/2020;10;0;10;0;100,0
GOIÂNIA/HMI;30/05/2020;10;1;9;0;90,0
GOIÂNIA/HMI;31/05/2020;10;0;10;0;100,0
GOIÂNIA/HMI;01/06/2020;10;1;9;0;90,0
GOIÂNIA/HMI;02/06/2020;10;2;8;0;80,0
GOIÂNIA/HMI;03/06/2020;10;0;10;0;100,0
GOIÂNIA/HMI;04/06/2020;10;1;9;0;90,0
GOIÂNIA/HMI;05/06/2020;10;0;10;0;100,0
GOIÂNIA/HMI;06/06/2020;10;0;10;0;100,0
GOIÂNIA/HMI;07/06/2020;10;0;10;0;100,0
GOIÂNIA/HMI;08/06/2020;10;0;10;0;100,0
GOIÂNIA/HMI;09/06/2020;10;0;10;0;100,0
GOIÂNIA/HMI;10/06/2020;10;0;10;0;100,0
GOIÂNIA/HMI;11/06/2020;10;0;10;0;100,0
GOIÂNIA/HMI;12/06/2020;10;1;9;0;90,0
GOIÂNIA/HMI;13/06/2020;10;0;10;0;100,0
GOIÂNIA/HMI;14/06/2020;10;1;9;0;90,0
GOIÂNIA/HMI;15/06/2020;10;0;10;0;100,0
GOIÂNIA/HMI;16/06/2020;10;1;9;0;90,0
GOIÂNIA/HMI;17/06/2020;10;0;10;0;100,0
GOIÂNIA/HMI;18/06/2020;10;0;10;0;100,0
GOIÂNIA/HMI;19/06/2020;10;0;10;0;100,0
GOIÂNIA/HMI;20/06/2020;10;0;10;0;100,0
GOIÂNIA/HMI;21/06/2020;10;0;10;0;100,0
GOIÂNIA/HMI;22/06/2020;10;0;10;0;100,0
GOIÂNIA/HMI;23/06/2020;10;0;10;0;100,0
GOIÂNIA/HMI;24/06/2020;10;1;9;0;90,0
GOIÂNIA/HMI;25/06/2020;10;0;10;0;100,0
GOIÂNIA/HMI;26/06/2020;10;1;9;0;90,0
GOIÂNIA/HMI;27/06/2020;10;2;8;0;80,0
GOIÂNIA/HMI;28/06/2020;10;1;9;0;90,0
GOIÂNIA/HMI;29/06/2020;10;0;10;0;100,0
GOIÂNIA/HMI;30/06/2020;10;0;10;0;100,0
GOIÂNIA/HMI;01/07/2020;10;0;10;0;100,0
GOIÂNIA/HMI;02/07/2020;10;0;10;0;100,0
GOIÂNIA/HMI;03/07/2020;10;1;9;0;90,0
GOIÂNIA/HMI;04/07/2020;10;0;10;0;100,0
GOIÂNIA/HMI;05/07/2020;10;0;10;0;100,0
GOIÂNIA/HMI;06/07/2020;10;0;10;0;100,0
GOIÂNIA/HMI;07/07/2020;10;0;10;0;100,0
GOIÂNIA/HMI;08/07/2020;10;1;9;0;90,0
GOIÂNIA/HMI;09/07/2020;10;0;10;0;100,0
GOIÂNIA/HMI;10/07/2020;10;0;10;0;100,0
GOIÂNIA/HMI;11/07/2020;10;0;10;0;100,0
GOIÂNIA/HMI;12/07/2020;10;0;10;0;100,0
GOIÂNIA/HMI;13/07/2020;10;0;10;0;100,0
GOIÂNIA/HMI;14/07/2020;10;0;10;0;100,0
GOIÂNIA/HMI;15/07/2020;10;0;10;0;100,0
GOIÂNIA/HMI;16/07/2020;10;0;10;0;100,0
GOIÂNIA/HMI;17/07/2020;10;0;10;0;100,0
GOIÂNIA/HMI;18/07/2020;10;0;10;0;100,0
GOIÂNIA/HMI;19/07/2020;10;0;10;0;100,0
GOIÂNIA/HMI;20/07/2020;10;0;10;0;100,0
GOIÂNIA/HMI;21/07/2020;10;0;10;0;100,0
GOIÂNIA/HMI;22/07/2020;10;0;10;0;100,0
GOIÂNIA/HMI;23/07/2020;10;0;10;0;100,0
GOIÂNIA/HMI;24/07/2020;10;1;9;0;90,0
GOIÂNIA/HMI;25/07/2020;10;1;9;0;90,0
GOIÂNIA/HMI;26/07/2020;10;0;10;0;100,0
GOIÂNIA/HMI;27/07/2020;10;1;9;0;90,0
GOIÂNIA/HMI;28/07/2020;10;0;10;0;100,0
GOIÂNIA/HMI;29/07/2020;10;1;9;0;90,0
GOIÂNIA/HMI;30/07/2020;10;0;10;0;100,0
GOIÂNIA/HMI;31/07/2020;10;0;10;0;100,0
GOIÂNIA/HMI;01/08/2020;10;1;9;0;90,0
GOIÂNIA/HMI;02/08/2020;10;2;8;0;80,0
GOIÂNIA/HMI;03/08/2020;10;0;10;0;100,0
GOIÂNIA/HMI;04/08/2020;10;0;10;0;100,0
GOIÂNIA/HMI;05/08/2020;10;0;10;0;100,0
GOIÂNIA/HMI;06/08/2020;10;2;8;0;80,0
GOIÂNIA/HMI;07/08/2020;10;1;9;0;90,0
GOIÂNIA/HMI;08/08/2020;10;1;9;0;90,0
GOIÂNIA/HMI;09/08/2020;10;1;9;0;90,0
GOIÂNIA/HMI;10/08/2020;10;1;9;0;90,0
GOIÂNIA/HMI;11/08/2020;10;1;9;0;90,0
GOIÂNIA/HMI;12/08/2020;10;0;10;0;100,0
GOIÂNIA/HMI;13/08/2020;10;0;10;0;100,0
GOIÂNIA/HMI;14/08/2020;10;0;10;0;100,0
GOIÂNIA/HMI;15/08/2020;10;1;9;0;90,0
GOIÂNIA/HMI;16/08/2020;10;1;9;0;90,0
GOIÂNIA/HMI;17/08/2020;10;0;10;0;100,0
GOIÂNIA/HMI;18/08/2020;10;0;10;0;100,0
GOIÂNIA/HMI;19/08/2020;10;0;10;0;100,0
GOIÂNIA/HMI;20/08/2020;10;0;10;0;100,0
GOIÂNIA/HMI;21/08/2020;10;0;10;0;100,0
GOIÂNIA/HMI;22/08/2020;10;0;10;0;100,0
GOIÂNIA/HMI;23/08/2020;10;0;10;0;100,0
GOIÂNIA/HMI;24/08/2020;10;0;10;0;100,0
GOIÂNIA/HMI;25/08/2020;10;0;10;0;100,0
GOIÂNIA/HMI;26/08/2020;10;0;10;0;100,0
GOIÂNIA/HMI;27/08/2020;10;0;10;0;100,0
GOIÂNIA/HMI;28/08/2020;10;1;9;0;90,0
GOIÂNIA/HMI;29/08/2020;10;1;9;0;90,0
GOIÂNIA/HMI;30/08/2020;10;0;10;0;100,0
GOIÂNIA/HMI;31/08/2020;10;0;10;0;100,0
GOIÂNIA/HMI;01/09/2020;10;0;10;0;100,0
GOIÂNIA/HMI;02/09/2020;10;0;10;0;100,0
GOIÂNIA/HMI;03/09/2020;10;0;10;0;100,0
GOIÂNIA/HMI;04/09/2020;10;0;10;0;100,0
GOIÂNIA/HMI;05/09/2020;10;0;10;0;100,0
GOIÂNIA/HMI;06/09/2020;10;0;10;0;100,0
GOIÂNIA/HMI;07/09/2020;10;0;10;0;100,0
GOIÂNIA/HMI;08/09/2020;10;0;10;0;100,0
GOIÂNIA/HMI;09/09/2020;10;0;10;0;100,0
GOIÂNIA/HMI;10/09/2020;10;0;10;0;100,0
GOIÂNIA/HMI;11/09/2020;10;0;10;0;100,0
GOIÂNIA/HMI;12/09/2020;10;1;9;0;90,0
GOIÂNIA/HMI;13/09/2020;10;1;9;0;90,0
GOIÂNIA/HMI;14/09/2020;10;0;10;0;100,0
GOIÂNIA/HMI;15/09/2020;10;0;10;0;100,0
GOIÂNIA/HMI;16/09/2020;10;0;10;0;100,0
GOIÂNIA/HMI;17/09/2020;10;0;10;0;100,0
GOIÂNIA/HMI;18/09/2020;10;0;10;0;100,0
GOIÂNIA/HMI;19/09/2020;10;0;10;0;100,0
GOIÂNIA/HMI;20/09/2020;10;0;10;0;100,0
GOIÂNIA/HMI;21/09/2020;10;0;10;0;100,0
GOIÂNIA/HMI;22/09/2020;10;0;10;0;100,0
GOIÂNIA/HMI;23/09/2020;10;0;10;0;100,0
GOIÂNIA/HMI;24/09/2020;10;0;10;0;100,0
GOIÂNIA/HMI;25/09/2020;10;0;10;0;100,0
GOIÂNIA/HMI;26/09/2020;10;1;9;0;90,0
GOIÂNIA/HMI;27/09/2020;10;1;9;0;90,0
GOIÂNIA/HMI;28/09/2020;10;1;9;0;90,0
GOIÂNIA/HMI;29/09/2020;10;1;9;0;90,0
GOIÂNIA/HMI;30/09/2020;10;0;10;0;100,0
GOIÂNIA/HMI;01/10/2020;10;0;10;0;100,0
GOIÂNIA/HMI;02/10/2020;10;0;10;0;100,0
GOIÂNIA/HMI;03/10/2020;10;0;10;0;100,0
GOIÂNIA/HMI;04/10/2020;10;0;10;0;100,0
GOIÂNIA/HMI;05/10/2020;10;1;9;0;90,0
GOIÂNIA/HMI;06/10/2020;10;0;10;0;100,0
GOIÂNIA/HMI;07/10/2020;10;0;10;0;100,0
GOIÂNIA/HMI;08/10/2020;10;0;10;0;100,0
GOIÂNIA/HMI;09/10/2020;10;0;10;0;100,0
GOIÂNIA/HMI;10/10/2020;10;0;10;0;100,0
GOIÂNIA/HMI;11/10/2020;10;0;10;0;100,0
GOIÂNIA/HMI;12/10/2020;10;1;9;0;90,0
GOIÂNIA/HMI;13/10/2020;10;2;8;0;80,0
GOIÂNIA/HMI;14/10/2020;10;0;10;0;100,0
GOIÂNIA/HMI;15/10/2020;10;0;10;0;100,0
GOIÂNIA/HMI;16/10/2020;10;0;10;0;100,0
GOIÂNIA/HMI;17/10/2020;10;0;10;0;100,0
GOIÂNIA/HMI;18/10/2020;10;0;10;0;100,0
GOIÂNIA/HMI;19/10/2020;10;0;10;0;100,0
GOIÂNIA/HMI;20/10/2020;10;0;10;0;100,0
GOIÂNIA/HMI;21/10/2020;10;1;9;0;90,0
GOIÂNIA/HMI;22/10/2020;10;0;10;0;100,0
GOIÂNIA/HMI;23/10/2020;10;0;10;0;100,0
GOIÂNIA/HMI;24/10/2020;10;0;10;0;100,0
GOIÂNIA/HMI;25/10/2020;10;0;10;0;100,0
GOIÂNIA/HMI;26/10/2020;10;0;10;0;100,0
GOIÂNIA/HMI;27/10/2020;10;0;10;0;100,0
GOIÂNIA/HMI;28/10/2020;10;0;10;0;100,0
GOIÂNIA/HMI;29/10/2020;10;0;10;0;100,0
GOIÂNIA/HMI;30/10/2020;10;1;9;0;90,0
GOIÂNIA/HMI;31/10/2020;10;1;9;0;90,0
GOIÂNIA/HMI;01/11/2020;10;2;8;0;80,0
GOIÂNIA/HMI;02/11/2020;10;1;9;0;90,0
GOIÂNIA/HMI;03/11/2020;10;1;9;0;90,0
GOIÂNIA/HMI;04/11/2020;10;1;9;0;90,0
GOIÂNIA/HMI;05/11/2020;10;1;9;0;90,0
GOIÂNIA/HMI;06/11/2020;10;1;9;0;90,0
GOIÂNIA/HMI;07/11/2020;10;1;9;0;90,0
GOIÂNIA/HMI;08/11/2020;10;1;9;0;90,0
GOIÂNIA/HMI;09/11/2020;10;0;9;1;100,0
GOIÂNIA/HMI;10/11/2020;10;0;9;1;100,0
GOIÂNIA/HMI;11/11/2020;10;0;9;1;100,0
GOIÂNIA/HMI;12/11/2020;10;0;9;1;100,0
GOIÂNIA/HMI;13/11/2020;10;0;9;1;100,0
GOIÂNIA/HMI;14/11/2020;10;1;8;1;90,0
GOIÂNIA/HMI;15/11/2020;10;1;7;2;90,0
GOIÂNIA/HMI;16/11/2020;10;1;7;2;90,0
GOIÂNIA/HMI;17/11/2020;10;0;8;2;100,0
GOIÂNIA/HMI;18/11/2020;10;0;8;2;100,0
GOIÂNIA/HMI;19/11/2020;10;0;7;3;100,0
GOIÂNIA/HMI;20/11/2020;10;0;7;3;100,0
GOIÂNIA/HMI;21/11/2020;10;0;7;3;100,0
GOIÂNIA/HMI;22/11/2020;10;0;7;3;100,0
GOIÂNIA/HMI;23/11/2020;10;0;7;3;100,0
GOIÂNIA/HMI;24/11/2020;10;0;7;3;100,0
GOIÂNIA/HMI;25/11/2020;10;0;7;3;100,0
GOIÂNIA/HMI;26/11/2020;10;0;7;3;100,0
GOIÂNIA/HMI;27/11/2020;10;0;7;3;100,0
GOIÂNIA/HMI;28/11/2020;10;0;7;3;100,0
GOIÂNIA/HMI;29/11/2020;10;0;7;3;100,0
GOIÂNIA/HMI;30/11/2020;10;0;7;3;100,0
GOIÂNIA/HMI;01/12/2020;10;0;7;3;100,0
GOIÂNIA/HMI;02/12/2020;10;0;7;3;100,0
GOIÂNIA/HMI;03/12/2020;10;0;7;3;100,0
GOIÂNIA/HMI;04/12/2020;10;1;6;3;90,0
GOIÂNIA/HMI;05/12/2020;10;0;6;4;100,0
GOIÂNIA/HMI;06/12/2020;10;0;6;4;100,0
GOIÂNIA/HMI;07/12/2020;10;1;5;4;90,0
GOIÂNIA/HMI;08/12/2020;10;0;6;4;100,0
GOIÂNIA/HMI;09/12/2020;10;0;6;4;100,0
GOIÂNIA/HMI;10/12/2020;10;0;6;4;100,0
GOIÂNIA/HMI;11/12/2020;10;0;7;3;100,0
GOIÂNIA/HMI;12/12/2020;10;0;7;3;100,0
GOIÂNIA/HMI;13/12/2020;10;0;7;3;100,0
GOIÂNIA/HMI;14/12/2020;10;0;7;3;100,0
GOIÂNIA/HMI;15/12/2020;10;0;7;3;100,0
GOIÂNIA/HMI;16/12/2020;10;0;7;3;100,0
GOIÂNIA/HMI;17/12/2020;10;0;7;3;100,0
GOIÂNIA/HMI;18/12/2020;10;0;7;3;100,0
GOIÂNIA/HMI;19/12/2020;10;1;6;3;90,0
GOIÂNIA/HMI;20/12/2020;10;0;7;3;100,0
GOIÂNIA/HMI;21/12/2020;10;0;7;3;100,0
GOIÂNIA/HMI;22/12/2020;10;0;7;3;100,0
GOIÂNIA/HMI;23/12/2020;10;0;7;3;100,0
GOIÂNIA/HMI;24/12/2020;10;0;7;3;100,0
GOIÂNIA/HMI;25/12/2020;10;0;7;3;100,0
GOIÂNIA/HMI;26/12/2020;10;0;7;3;100,0
GOIÂNIA/HMI;27/12/2020;10;1;6;3;90,0
GOIÂNIA/HMI;28/12/2020;10;1;6;3;90,0
GOIÂNIA/HMI;29/12/2020;10;0;7;3;100,0
GOIÂNIA/HMI;30/12/2020;10;0;8;2;100,0
GOIÂNIA/HMI;31/12/2020;10;0;8;2;100,0
GOIÂNIA/HMI;01/01/2021;10;0;8;2;100,0
GOIÂNIA/HMI;02/01/2021;10;0;8;2;100,0
GOIÂNIA/HMI;03/01/2021;10;0;8;2;100,0
GOIÂNIA/HMI;04/01/2021;10;0;8;2;100,0
GOIÂNIA/HMI;05/01/2021;10;0;8;2;100,0
GOIÂNIA/HMI;06/01/2021;10;0;8;2;100,0
GOIÂNIA/HMI;07/01/2021;10;0;8;2;100,0
GOIÂNIA/HMI;08/01/2021;10;0;8;2;100,0
GOIÂNIA/HMI;09/01/2021;10;0;8;2;100,0
GOIÂNIA/HMI;10/01/2021;10;0;8;2;100,0
GOIÂNIA/HMI;11/01/2021;10;0;8;2;100,0
GOIÂNIA/HMI;12/01/2021;10;0;8;2;100,0
GOIÂNIA/HMI;13/01/2021;10;0;8;2;100,0
GOIÂNIA/HMI;14/01/2021;10;1;7;2;90,0
GOIÂNIA/HMI;15/01/2021;10;0;8;2;100,0
GOIÂNIA/HMI;16/01/2021;10;0;8;2;100,0
GOIÂNIA/HMI;17/01/2021;10;0;8;2;100,0
GOIÂNIA/HMI;18/01/2021;10;0;8;2;100,0
GOIÂNIA/HMI;19/01/2021;10;0;8;2;100,0
GOIÂNIA/HMI;20/01/2021;10;0;8;2;100,0
GOIÂNIA/HMI;21/01/2021;10;0;8;2;100,0
GOIÂNIA/HMI;22/01/2021;10;0;8;2;100,0
GOIÂNIA/HMI;23/01/2021;10;0;8;2;100,0
GOIÂNIA/HMI;24/01/2021;10;0;8;2;100,0
GOIÂNIA/HMI;25/01/2021;10;0;8;2;100,0
GOIÂNIA/HMI;26/01/2021;10;0;8;2;100,0
GOIÂNIA/HMI;27/01/2021;10;1;7;2;90,0
GOIÂNIA/HMI;28/01/2021;10;0;8;2;100,0
GOIÂNIA/HMI;29/01/2021;10;1;7;2;90,0
GOIÂNIA/HMI;30/01/2021;10;0;8;2;100,0
GOIÂNIA/HMI;31/01/2021;10;0;8;2;100,0
GOIÂNIA/HMI;01/02/2021;10;0;8;2;100,0
GOIÂNIA/HMI;02/02/2021;10;0;8;2;100,0
GOIÂNIA/HMI;03/02/2021;10;0;8;2;100,0
GOIÂNIA/HMI;04/02/2021;10;0;8;2;100,0
GOIÂNIA/HMI;05/02/2021;10;0;8;2;100,0
GOIÂNIA/HMI;06/02/2021;10;0;8;2;100,0
GOIÂNIA/HMI;07/02/2021;10;0;8;2;100,0
GOIÂNIA/HMI;08/02/2021;10;0;8;2;100,0
GOIÂNIA/HMI;09/02/2021;10;0;8;2;100,0
GOIÂNIA/HMI;10/02/2021;10;0;8;2;100,0
GOIÂNIA/HMI;11/02/2021;10;0;8;2;100,0
GOIÂNIA/HMI;12/02/2021;10;0;8;2;100,0
GOIÂNIA/HMI;13/02/2021;10;0;8;2;100,0
GOIÂNIA/HMI;14/02/2021;10;0;8;2;100,0
GOIÂNIA/HMI;15/02/2021;10;0;8;2;100,0
GOIÂNIA/HMI;16/02/2021;10;3;5;2;70,0
GOIÂNIA/HMI;17/02/2021;10;3;5;2;70,0
GOIÂNIA/HMI;18/02/2021;10;0;5;5;100,0
GOIÂNIA/HMI;19/02/2021;10;0;5;5;100,0
GOIÂNIA/HMI;20/02/2021;10;0;5;5;100,0
GOIÂNIA/HMI;21/02/2021;10;0;5;5;100,0
GOIÂNIA/HMI;22/02/2021;10;0;5;5;100,0
GOIÂNIA/HMI;23/02/2021;10;2;8;0;80,0
GOIÂNIA/HMI;24/02/2021;10;0;10;0;100,0
GOIÂNIA/HMI;25/02/2021;10;0;10;0;100,0
GOIÂNIA/HMI;26/02/2021;10;1;9;0;90,0
GOIÂNIA/HMI;27/02/2021;10;1;9;0;90,0
GOIÂNIA/HMI;28/02/2021;10;1;9;0;90,0
GOIÂNIA/HMI;01/03/2021;10;1;9;0;90,0
GOIÂNIA/HMI;02/03/2021;10;0;10;0;100,0
GOIÂNIA/HMI;03/03/2021;10;0;10;0;100,0
GOIÂNIA/HMI;04/03/2021;10;0;10;0;100,0
GOIÂNIA/HMI;05/03/2021;10;1;9;0;90,0
GOIÂNIA/HMI;06/03/2021;10;2;8;0;80,0
GOIÂNIA/HMI;07/03/2021;10;3;7;0;70,0
GOIÂNIA/HMI;08/03/2021;10;0;10;0;100,0
GOIÂNIA/HMI;09/03/2021;10;0;10;0;100,0
GOIÂNIA/HMI;10/03/2021;10;0;10;0;100,0
GOIÂNIA/HMI;11/03/2021;10;0;10;0;100,0
GOIÂNIA/HMI;12/03/2021;10;0;10;0;100,0
GOIÂNIA/HMI;13/03/2021;10;1;9;0;90,0
GOIÂNIA/HMI;14/03/2021;10;0;10;0;100,0
GOIÂNIA/HMI;15/03/2021;10;0;10;0;100,0
GOIÂNIA/HMI;16/03/2021;10;1;9;0;90,0
GOIÂNIA/HMI;17/03/2021;10;0;10;0;100,0
GOIÂNIA/HMI;18/03/2021;10;0;10;0;100,0
GOIÂNIA/HMI;19/03/2021;10;1;9;0;90,0
GOIÂNIA/HMI;20/03/2021;10;2;8;0;80,0
GOIÂNIA/HMI;21/03/2021;10;1;9;0;90,0
GOIÂNIA/HMI;22/03/2021;10;1;9;0;90,0
GOIÂNIA/HMI;23/03/2021;10;0;10;0;100,0
GOIÂNIA/HMI;24/03/2021;10;0;10;0;100,0
GOIÂNIA/HMI;25/03/2021;10;0;10;0;100,0
GOIÂNIA/HMI;26/03/2021;10;0;10;0;100,0
GOIÂNIA/HMI;27/03/2021;10;0;10;0;100,0
GOIÂNIA/HMI;28/03/2021;10;0;10;0;100,0
GOIÂNIA/HMI;29/03/2021;10;0;10;0;100,0
GOIÂNIA/HMI;30/03/2021;10;1;9;0;90,0
GOIÂNIA/HMI;31/03/2021;10;0;10;0;100,0
GOIÂNIA/HMI;01/04/2021;10;0;10;0;100,0
GOIÂNIA/HMI;02/04/2021;10;0;10;0;100,0
GOIÂNIA/HMI;03/04/2021;10;0;10;0;100,0
GOIÂNIA/HMI;04/04/2021;10;0;10;0;100,0
GOIÂNIA/HMI;05/04/2021;10;1;9;0;90,0
GOIÂNIA/HMI;06/04/2021;10;0;10;0;100,0
GOIÂNIA/HMI;07/04/2021;10;0;10;0;100,0
GOIÂNIA/HMI;08/04/2021;10;0;10;0;100,0
GOIÂNIA/HMI;09/04/2021;10;0;10;0;100,0
GOIÂNIA/HMI;10/04/2021;10;0;10;0;100,0
GOIÂNIA/HMI;11/04/2021;10;0;10;0;100,0
GOIÂNIA/HMI;12/04/2021;10;2;8;0;80,0
GOIÂNIA/HMI;13/04/2021;10;3;7;0;70,0
GOIÂNIA/HMI;14/04/2021;10;0;10;0;100,0
GOIÂNIA/HMI;15/04/2021;10;0;10;0;100,0
GOIÂNIA/HMI;16/04/2021;10;0;10;0;100,0
GOIÂNIA/HMI;17/04/2021;10;0;10;0;100,0
GOIÂNIA/HMI;18/04/2021;10;0;10;0;100,0
GOIÂNIA/HMI;19/04/2021;10;0;10;0;100,0
GOIÂNIA/HMI;20/04/2021;10;0;10;0;100,0
GOIÂNIA/HMI;21/04/2021;10;0;10;0;100,0
GOIÂNIA/HMI;22/04/2021;10;0;10;0;100,0
GOIÂNIA/HMI;23/04/2021;10;0;10;0;100,0
GOIÂNIA/HMI;24/04/2021;10;0;10;0;100,0
GOIÂNIA/HMI;25/04/2021;10;0;10;0;100,0
GOIÂNIA/HMI;26/04/2021;10;1;9;0;90,0
GOIÂNIA/HMI;27/04/2021;10;2;8;0;80,0
GOIÂNIA/HMI;28/04/2021;10;0;10;0;100,0
GOIÂNIA/HMI;29/04/2021;10;0;10;0;100,0
GOIÂNIA/HMI;30/04/2021;10;0;10;0;100,0
GOIÂNIA/HMI;01/05/2021;10;0;10;0;100,0
GOIÂNIA/HMI;02/05/2021;10;1;9;0;90,0
GOIÂNIA/HMI;03/05/2021;10;0;10;0;100,0
GOIÂNIA/HMI;04/05/2021;10;0;10;0;100,0
GOIÂNIA/HMI;05/05/2021;10;0;10;0;100,0
GOIÂNIA/HMI;06/05/2021;10;1;9;0;90,0
GOIÂNIA/HMI;07/05/2021;10;1;9;0;90,0
GOIÂNIA/HMI;08/05/2021;10;2;8;0;80,0
GOIÂNIA/HMI;09/05/2021;10;2;8;0;80,0
GOIÂNIA/HMI;10/05/2021;10;2;8;0;80,0
GOIÂNIA/HMI;11/05/2021;10;0;10;0;100,0
GOIÂNIA/HMI;12/05/2021;10;0;10;0;100,0
GOIÂNIA/HMI;13/05/2021;10;0;10;0;100,0
GOIÂNIA/HMI;14/05/2021;10;0;10;0;100,0
GOIÂNIA/HMI;15/05/2021;10;1;9;0;90,0
GOIÂNIA/HMI;16/05/2021;10;1;9;0;90,0
GOIÂNIA/HMI;17/05/2021;10;1;9;0;90,0
GOIÂNIA/HMI;18/05/2021;10;1;9;0;90,0
GOIÂNIA/HMI;19/05/2021;10;0;10;0;100,0
GOIÂNIA/HMI;20/05/2021;10;0;10;0;100,0
GOIÂNIA/HMI;21/05/2021;10;0;10;0;100,0
GOIÂNIA/HMI;22/05/2021;10;0;10;0;100,0
GOIÂNIA/HMI;23/05/2021;10;0;10;0;100,0
GOIÂNIA/HMI;24/05/2021;10;0;10;0;100,0
GOIÂNIA/HMI;25/05/2021;10;0;10;0;100,0
GOIÂNIA/HMI;26/05/2021;10;0;10;0;100,0
GOIÂNIA/HMI;27/05/2021;10;1;9;0;90,0
GOIÂNIA/HMI;28/05/2021;10;1;9;0;90,0
GOIÂNIA/HMI;29/05/2021;10;1;9;0;90,0
GOIÂNIA/HMI;30/05/2021;10;1;9;0;90,0
GOIÂNIA/HMI;31/05/2021;10;1;9;0;90,0
GOIÂNIA/HMI;01/06/2021;10;0;10;0;100,0
GOIÂNIA/HMI;02/06/2021;10;0;10;0;100,0
GOIÂNIA/HMI;03/06/2021;10;1;9;0;90,0
GOIÂNIA/HMI;04/06/2021;10;1;9;0;90,0
GOIÂNIA/HMI;05/06/2021;10;1;9;0;90,0
GOIÂNIA/HMI;06/06/2021;10;1;9;0;90,0
GOIÂNIA/HMI;07/06/2021;10;0;10;0;100,0
GOIÂNIA/HMI;08/06/2021;10;0;10;0;100,0
GOIÂNIA/HMI;09/06/2021;10;0;10;0;100,0
GOIÂNIA/HMI;10/06/2021;10;0;10;0;100,0
GOIÂNIA/HMI;11/06/2021;10;0;10;0;100,0
GOIÂNIA/HMI;12/06/2021;10;0;10;0;100,0
GOIÂNIA/HMI;13/06/2021;10;0;10;0;100,0
GOIÂNIA/HMI;14/06/2021;10;0;10;0;100,0
GOIÂNIA/HMI;15/06/2021;10;0;10;0;100,0
GOIÂNIA/HMI;16/06/2021;10;0;10;0;100,0
GOIÂNIA/HMI;17/06/2021;10;0;10;0;100,0
GOIÂNIA/HMI;18/06/2021;10;0;10;0;100,0
GOIÂNIA/HMI;19/06/2021;10;1;9;0;90,0
GOIÂNIA/HMI;20/06/2021;10;0;10;0;100,0
GOIÂNIA/HMI;21/06/2021;10;0;10;0;100,0
GOIÂNIA/HMI;22/06/2021;10;0;10;0;100,0
GOIÂNIA/HMI;23/06/2021;10;1;9;0;90,0
GOIÂNIA/HMI;24/06/2021;10;0;10;0;100,0
GOIÂNIA/HMI;25/06/2021;10;0;10;0;100,0
GOIÂNIA/HMI;26/06/2021;10;0;10;0;100,0
GOIÂNIA/HMI;27/06/2021;10;0;10;0;100,0
GOIÂNIA/HMI;28/06/2021;10;1;9;0;90,0
GOIÂNIA/HMI;29/06/2021;10;0;10;0;100,0
GOIÂNIA/HMI;30/06/2021;10;0;10;0;100,0
GOIÂNIA/HMI;01/07/2021;10;0;10;0;100,0
GOIÂNIA/HMI;02/07/2021;10;0;10;0;100,0
GOIÂNIA/HMI;03/07/2021;10;0;10;0;100,0
GOIÂNIA/HMI;04/07/2021;10;0;10;0;100,0
GOIÂNIA/HMI;05/07/2021;10;0;10;0;100,0
GOIÂNIA/HMI;06/07/2021;10;1;9;0;90,0
GOIÂNIA/HMI;07/07/2021;10;0;10;0;100,0
GOIÂNIA/HMI;08/07/2021;10;0;10;0;100,0
GOIÂNIA/HMI;09/07/2021;10;0;10;0;100,0
GOIÂNIA/HMI;10/07/2021;10;0;10;0;100,0
GOIÂNIA/HMI;11/07/2021;10;0;10;0;100,0
GOIÂNIA/HMI;12/07/2021;10;0;10;0;100,0
GOIÂNIA/HMI;13/07/2021;10;0;10;0;100,0
GOIÂNIA/HMI;14/07/2021;10;0;10;0;100,0
GOIÂNIA/HMI;15/07/2021;10;0;10;0;100,0
GOIÂNIA/HMI;16/07/2021;10;0;10;0;100,0
GOIÂNIA/HMI;17/07/2021;10;0;10;0;100,0
GOIÂNIA/HMI;18/07/2021;10;0;10;0;100,0
GOIÂNIA/HMI;19/07/2021;10;0;10;0;100,0
GOIÂNIA/HMI;20/07/2021;10;0;10;0;100,0
GOIÂNIA/HMI;21/07/2021;10;0;10;0;100,0
GOIÂNIA/HMI;22/07/2021;10;0;10;0;100,0
GOIÂNIA/HMI;23/07/2021;10;0;10;0;100,0
GOIÂNIA/HMI;24/07/2021;10;0;10;0;100,0
GOIÂNIA/HMI;25/07/2021;10;0;10;0;100,0
GOIÂNIA/HMI;26/07/2021;10;0;10;0;100,0
URUAÇU/HCN;10/05/2022;10;8;0;2;20,0
URUAÇU/HCN;11/05/2022;10;9;1;0;10,0
URUAÇU/HCN;12/05/2022;10;8;1;1;20,0
URUAÇU/HCN;13/05/2022;10;8;2;0;20,0
URUAÇU/HCN;14/05/2022;10;4;2;4;60,0
URUAÇU/HCN;15/05/2022;10;4;2;4;60,0
URUAÇU/HCN;16/05/2022;10;7;2;1;30,0
URUAÇU/HCN;17/05/2022;10;6;4;0;40,0
URUAÇU/HCN;18/05/2022;10;4;4;2;60,0
URUAÇU/HCN;19/05/2022;10;4;4;2;60,0
URUAÇU/HCN;20/05/2022;10;3;6;1;70,0
URUAÇU/HCN;21/05/2022;10;4;5;1;60,0
URUAÇU/HCN;22/05/2022;10;2;7;1;80,0
URUAÇU/HCN;23/05/2022;10;3;7;0;70,0
URUAÇU/HCN;24/05/2022;10;2;6;2;80,0
URUAÇU/HCN;25/05/2022;10;1;9;0;90,0
URUAÇU/HCN;26/05/2022;10;0;10;0;100,0
URUAÇU/HCN;27/05/2022;10;2;8;0;80,0
URUAÇU/HCN;28/05/2022;10;1;8;1;90,0
URUAÇU/HCN;29/05/2022;10;0;10;0;100,0
URUAÇU/HCN;30/05/2022;10;0;10;0;100,0
URUAÇU/HCN;31/05/2022;10;0;10;0;100,0
URUAÇU/HCN;01/06/2022;10;0;10;0;100,0
URUAÇU/HCN;02/06/2022;10;3;7;0;70,0
URUAÇU/HCN;03/06/2022;10;5;4;1;50,0
URUAÇU/HCN;04/06/2022;10;2;7;1;80,0
URUAÇU/HCN;05/06/2022;10;3;7;0;70,0
URUAÇU/HCN;06/06/2022;10;2;8;0;80,0
URUAÇU/HCN;07/06/2022;10;0;10;0;100,0
URUAÇU/HCN;08/06/2022;10;2;8;0;80,0
URUAÇU/HCN;09/06/2022;10;0;8;2;100,0
URUAÇU/HCN;10/06/2022;10;1;7;2;90,0
URUAÇU/HCN;11/06/2022;10;3;7;0;70,0
URUAÇU/HCN;12/06/2022;10;1;8;1;90,0
URUAÇU/HCN;13/06/2022;10;0;7;3;100,0
URUAÇU/HCN;14/06/2022;10;0;7;3;100,0
URUAÇU/HCN;15/06/2022;10;1;9;0;90,0
URUAÇU/HCN;16/06/2022;10;1;8;1;90,0
URUAÇU/HCN;17/06/2022;10;6;4;0;40,0
URUAÇU/HCN;18/06/2022;10;6;3;1;40,0
URUAÇU/HCN;19/06/2022;10;7;3;0;30,0
URUAÇU/HCN;20/06/2022;10;6;4;0;40,0
URUAÇU/HCN;21/06/2022;10;6;3;1;40,0
URUAÇU/HCN;22/06/2022;10;4;6;0;60,0
URUAÇU/HCN;23/06/2022;10;4;6;0;60,0
URUAÇU/HCN;24/06/2022;10;3;7;0;70,0
URUAÇU/HCN;25/06/2022;10;2;8;0;80,0
URUAÇU/HCN;26/06/2022;10;3;7;0;70,0
URUAÇU/HCN;27/06/2022;10;4;6;0;60,0
URUAÇU/HCN;28/06/2022;10;4;6;0;60,0
URUAÇU/HCN;29/06/2022;10;4;6;0;60,0
URUAÇU/HCN;30/06/2022;10;5;5;0;50,0
URUAÇU/HCN;01/07/2022;10;5;5;0;50,0
URUAÇU/HCN;02/07/2022;10;3;7;0;70,0
URUAÇU/HCN;03/07/2022;10;1;8;1;90,0
URUAÇU/HCN;04/07/2022;10;2;8;0;80,0
URUAÇU/HCN;05/07/2022;10;1;9;0;90,0
URUAÇU/HCN;06/07/2022;10;1;9;0;90,0
URUAÇU/HCN;07/07/2022;10;1;9;0;90,0
URUAÇU/HCN;08/07/2022;10;3;7;0;70,0
URUAÇU/HCN;09/07/2022;10;3;7;0;70,0
URUAÇU/HCN;10/07/2022;10;3;7;0;70,0
URUAÇU/HCN;11/07/2022;10;3;7;0;70,0
URUAÇU/HCN;12/07/2022;10;2;8;0;80,0
URUAÇU/HCN;13/07/2022;10;4;6;0;60,0
URUAÇU/HCN;14/07/2022;10;2;8;0;80,0
URUAÇU/HCN;15/07/2022;10;2;8;0;80,0
URUAÇU/HCN;16/07/2022;10;1;9;0;90,0
URUAÇU/HCN;17/07/2022;10;1;9;0;90,0
URUAÇU/HCN;18/07/2022;10;2;8;0;80,0
URUAÇU/HCN;19/07/2022;10;1;8;1;90,0
URUAÇU/HCN;20/07/2022;10;0;8;2;100,0
URUAÇU/HCN;21/07/2022;10;1;7;2;90,0
URUAÇU/HCN;22/07/2022;10;3;7;0;70,0
URUAÇU/HCN;23/07/2022;10;3;6;1;70,0
URUAÇU/HCN;24/07/2022;10;4;5;1;60,0
URUAÇU/HCN;25/07/2022;10;4;5;1;60,0
URUAÇU/HCN;26/07/2022;10;5;5;0;50,0
URUAÇU/HCN;27/07/2022;10;5;5;0;50,0
URUAÇU/HCN;28/07/2022;10;6;4;0;40,0
URUAÇU/HCN;29/07/2022;10;7;3;0;30,0
URUAÇU/HCN;30/07/2022;10;6;4;0;40,0
URUAÇU/HCN;31/07/2022;10;6;4;0;40,0
URUAÇU/HCN;01/08/2022;10;6;4;0;40,0
URUAÇU/HCN;02/08/2022;10;7;3;0;30,0
URUAÇU/HCN;03/08/2022;10;6;4;0;40,0
URUAÇU/HCN;04/08/2022;10;6;4;0;40,0
URUAÇU/HCN;05/08/2022;10;7;3;0;30,0
URUAÇU/HCN;06/08/2022;10;6;4;0;40,0
URUAÇU/HCN;07/08/2022;10;5;5;0;50,0
URUAÇU/HCN;08/08/2022;10;3;6;1;70,0
URUAÇU/HCN;09/08/2022;10;3;6;1;70,0
URUAÇU/HCN;10/08/2022;10;3;6;1;70,0
URUAÇU/HCN;11/08/2022;10;3;6;1;70,0
URUAÇU/HCN;12/08/2022;10;4;5;1;60,0
URUAÇU/HCN;13/08/2022;10;5;4;1;50,0
URUAÇU/HCN;14/08/2022;10;7;3;0;30,0
URUAÇU/HCN;15/08/2022;10;8;1;1;20,0
URUAÇU/HCN;16/08/2022;10;8;2;0;20,0
URUAÇU/HCN;17/08/2022;10;8;1;1;20,0
URUAÇU/HCN;18/08/2022;10;9;1;0;10,0
URUAÇU/HCN;19/08/2022;10;8;2;0;20,0
URUAÇU/HCN;20/08/2022;10;9;1;0;10,0
URUAÇU/HCN;21/08/2022;10;9;1;0;10,0
URUAÇU/HCN;22/08/2022;10;9;1;0;10,0
URUAÇU/HCN;23/08/2022;10;8;2;0;20,0
URUAÇU/HCN;24/08/2022;10;8;2;0;20,0
URUAÇU/HCN;25/08/2022;10;5;5;0;50,0
URUAÇU/HCN;26/08/2022;10;6;4;0;40,0
URUAÇU/HCN;27/08/2022;10;5;5;0;50,0
URUAÇU/HCN;28/08/2022;10;5;5;0;50,0
URUAÇU/HCN;29/08/2022;10;5;5;0;50,0
URUAÇU/HCN;30/08/2022;10;4;6;0;60,0
URUAÇU/HCN;31/08/2022;10;2;7;1;80,0
URUAÇU/HCN;01/09/2022;10;3;7;0;70,0
URUAÇU/HCN;02/09/2022;10;3;7;0;70,0
URUAÇU/HCN;03/09/2022;10;4;6;0;60,0
URUAÇU/HCN;04/09/2022;10;4;6;0;60,0
URUAÇU/HCN;05/09/2022;10;3;7;0;70,0
URUAÇU/HCN;06/09/2022;10;2;7;1;80,0
URUAÇU/HCN;07/09/2022;10;4;6;0;60,0
URUAÇU/HCN;08/09/2022;10;3;6;1;70,0
URUAÇU/HCN;09/09/2022;10;4;6;0;60,0
URUAÇU/HCN;10/09/2022;10;5;5;0;50,0
URUAÇU/HCN;11/09/2022;10;5;5;0;50,0
URUAÇU/HCN;12/09/2022;10;6;4;0;40,0
URUAÇU/HCN;13/09/2022;10;6;4;0;40,0
URUAÇU/HCN;14/09/2022;10;6;4;0;40,0
URUAÇU/HCN;15/09/2022;10;5;5;0;50,0
URUAÇU/HCN;16/09/2022;10;5;5;0;50,0
URUAÇU/HCN;17/09/2022;10;5;5;0;50,0
URUAÇU/HCN;18/09/2022;10;3;7;0;70,0
URUAÇU/HCN;19/09/2022;10;2;8;0;80,0
URUAÇU/HCN;20/09/2022;10;0;9;1;100,0
URUAÇU/HCN;21/09/2022;10;2;8;0;80,0
URUAÇU/HCN;22/09/2022;10;2;8;0;80,0
URUAÇU/HCN;23/09/2022;10;1;9;0;90,0
URUAÇU/HCN;24/09/2022;10;1;9;0;90,0
URUAÇU/HCN;25/09/2022;10;0;10;0;100,0
URUAÇU/HCN;26/09/2022;10;0;10;0;100,0
URUAÇU/HCN;27/09/2022;10;0;10;0;100,0
URUAÇU/HCN;28/09/2022;10;0;10;0;100,0
URUAÇU/HCN;29/09/2022;10;1;8;1;90,0
URUAÇU/HCN;30/09/2022;10;1;9;0;90,0
URUAÇU/HCN;01/10/2022;10;1;9;0;90,0
URUAÇU/HCN;02/10/2022;10;0;10;0;100,0
URUAÇU/HCN;03/10/2022;10;0;10;0;100,0
URUAÇU/HCN;04/10/2022;10;0;10;0;100,0
URUAÇU/HCN;05/10/2022;10;1;9;0;90,0
URUAÇU/HCN;06/10/2022;10;1;9;0;90,0
URUAÇU/HCN;07/10/2022;10;0;10;0;100,0
URUAÇU/HCN;08/10/2022;10;0;10;0;100,0
URUAÇU/HCN;09/10/2022;10;0;10;0;100,0
URUAÇU/HCN;10/10/2022;10;0;10;0;100,0
URUAÇU/HCN;11/10/2022;10;3;7;0;70,0
URUAÇU/HCN;12/10/2022;10;1;8;1;90,0
URUAÇU/HCN;13/10/2022;10;0;8;2;100,0
URUAÇU/HCN;14/10/2022;10;0;10;0;100,0
URUAÇU/HCN;15/10/2022;10;1;9;0;90,0
URUAÇU/HCN;16/10/2022;10;1;9;0;90,0
URUAÇU/HCN;17/10/2022;10;0;10;0;100,0
URUAÇU/HCN;18/10/2022;10;0;10;0;100,0
URUAÇU/HCN;19/10/2022;10;0;10;0;100,0
URUAÇU/HCN;20/10/2022;10;0;10;0;100,0
URUAÇU/HCN;21/10/2022;10;0;10;0;100,0
URUAÇU/HCN;22/10/2022;10;1;7;2;90,0
URUAÇU/HCN;23/10/2022;10;2;8;0;80,0
URUAÇU/HCN;24/10/2022;10;2;8;0;80,0
URUAÇU/HCN;25/10/2022;10;2;8;0;80,0
URUAÇU/HCN;26/10/2022;10;2;8;0;80,0
URUAÇU/HCN;27/10/2022;10;0;9;1;100,0
URUAÇU/HCN;28/10/2022;10;0;9;1;100,0
URUAÇU/HCN;29/10/2022;10;0;9;1;100,0
URUAÇU/HCN;30/10/2022;10;0;9;1;100,0
URUAÇU/HCN;31/10/2022;10;0;9;1;100,0
URUAÇU/HCN;01/11/2022;10;0;9;1;100,0
URUAÇU/HCN;02/11/2022;10;0;9;1;100,0
URUAÇU/HCN;03/11/2022;10;0;9;1;100,0
URUAÇU/HCN;04/11/2022;10;0;9;1;100,0
URUAÇU/HCN;05/11/2022;10;2;8;0;80,0
URUAÇU/HCN;06/11/2022;10;2;8;0;80,0
URUAÇU/HCN;07/11/2022;10;2;8;0;80,0
URUAÇU/HCN;08/11/2022;10;3;7;0;70,0
URUAÇU/HCN;09/11/2022;10;3;7;0;70,0
URUAÇU/HCN;10/11/2022;10;3;7;0;70,0
URUAÇU/HCN;11/11/2022;10;3;7;0;70,0
URUAÇU/HCN;12/11/2022;10;4;6;0;60,0
URUAÇU/HCN;13/11/2022;10;5;5;0;50,0
URUAÇU/HCN;14/11/2022;10;4;5;1;60,0
URUAÇU/HCN;15/11/2022;10;5;5;0;50,0
URUAÇU/HCN;16/11/2022;10;3;7;0;70,0
URUAÇU/HCN;17/11/2022;10;2;8;0;80,0
URUAÇU/HCN;18/11/2022;10;2;8;0;80,0
URUAÇU/HCN;19/11/2022;10;1;9;0;90,0
URUAÇU/HCN;20/11/2022;10;2;7;1;80,0
URUAÇU/HCN;21/11/2022;10;2;7;1;80,0
URUAÇU/HCN;22/11/2022;10;1;9;0;90,0
URUAÇU/HCN;23/11/2022;10;1;9;0;90,0
URUAÇU/HCN;24/11/2022;10;4;6;0;60,0
URUAÇU/HCN;25/11/2022;10;3;7;0;70,0
URUAÇU/HCN;26/11/2022;10;3;7;0;70,0
URUAÇU/HCN;27/11/2022;10;3;7;0;70,0
URUAÇU/HCN;28/11/2022;10;4;6;0;60,0
URUAÇU/HCN;29/11/2022;10;4;6;0;60,0
URUAÇU/HCN;30/11/2022;10;4;6;0;60,0
URUAÇU/HCN;01/12/2022;10;4;6;0;60,0
URUAÇU/HCN;02/12/2022;10;6;4;0;40,0
URUAÇU/HCN;03/12/2022;10;5;5;0;50,0
URUAÇU/HCN;04/12/2022;10;5;5;0;50,0
URUAÇU/HCN;05/12/2022;10;5;5;0;50,0
URUAÇU/HCN;06/12/2022;10;5;5;0;50,0
URUAÇU/HCN;07/12/2022;10;4;6;0;60,0
URUAÇU/HCN;08/12/2022;10;5;5;0;50,0
URUAÇU/HCN;09/12/2022;10;5;5;0;50,0
URUAÇU/HCN;10/12/2022;10;3;7;0;70,0
URUAÇU/HCN;11/12/2022;10;3;7;0;70,0
URUAÇU/HCN;12/12/2022;10;5;5;0;50,0
URUAÇU/HCN;13/12/2022;10;3;7;0;70,0
URUAÇU/HCN;14/12/2022;10;3;7;0;70,0
URUAÇU/HCN;15/12/2022;10;2;7;1;80,0
URUAÇU/HCN;16/12/2022;10;1;8;1;90,0
URUAÇU/HCN;17/12/2022;10;0;8;2;100,0
URUAÇU/HCN;18/12/2022;10;2;8;0;80,0
URUAÇU/HCN;19/12/2022;10;0;9;1;100,0
URUAÇU/HCN;20/12/2022;10;0;9;1;100,0
URUAÇU/HCN;21/12/2022;10;1;9;0;90,0
URUAÇU/HCN;22/12/2022;10;0;10;0;100,0
URUAÇU/HCN;23/12/2022;10;0;10;0;100,0
URUAÇU/HCN;24/12/2022;10;0;10;0;100,0
URUAÇU/HCN;25/12/2022;10;0;10;0;100,0
URUAÇU/HCN;26/12/2022;10;0;10;0;100,0
URUAÇU/HCN;27/12/2022;10;0;9;1;100,0
URUAÇU/HCN;28/12/2022;10;2;8;0;80,0
URUAÇU/HCN;29/12/2022;10;0;9;1;100,0
URUAÇU/HCN;30/12/2022;10;2;8;0;80,0
URUAÇU/HCN;31/12/2022;10;0;8;2;100,0
